"DISPLAYSEQ","JFAGYCODE","JPTERM","JPKANA","ENTERM","LEVEL","MAINFLAG","GUIDELINE","CXGCATEGORY","RECORDDATE","ENDDATE"
"1","D9M000000000","医薬品ダミーコード","いやくひんだみーこーど","Medicine dummy code","1","1","","1","00000000","99999999"
"2","D9F000000000","食品ダミーコード","しょくひんだみーこーど","Food dummy code","1","1","","1","00000000","99999999"
"3","D9N000000000","非食品・非医薬品ダミーコード","ひしょくひん・ひいやくひんだみーこーど","non-Food non-Medicine dummy code","1","1","","1","00000000","99999999"
"4","00F","食品","しょくひん","Food","1","1","1","1","00000000","99999999"
"5","J9FA00000000","農産食品","のうさんしょくひん","Agricultural food","2","1","","1","00000000","99999999"
"6","J9FA11000000","もみ","もみ","Paddy rice","3","","","1","00000000","99999999"
"7","J9FA12000000","玄米","げんまい","Brown rice","3","1","","1","00000000","99999999"
"8","J9FA12000011","米ぬか","こめぬか","Rice bran","6","","1","1","00000000","99999999"
"9","J9FA13000000","白米","はくまい","White rice","3","1","","1","00000000","99999999"
"10","J9FA13000011","もち","もち","Glutinous rice","6","","","1","00000000","99999999"
"11","J9FA13000012","米粉","こめこ","Rice flour","6","","","1","00000000","99999999"
"12","J9FA14000000","大麦","おおむぎ","Barley","3","1","","1","00000000","99999999"
"13","J9FA14000011","大麦粉","おおむぎこ","Barley flour","6","","1","1","00000000","99999999"
"14","J9FA14000012","麦茶","むぎちゃ","Barley tea","6","","","1","00000000","99999999"
"15","J9FA15000000","小麦","こむぎ","Wheat","3","1","1","1","00000000","99999999"
"16","J9FA15000011","小麦ふすま","こむぎふすま","Wheat bran","6","","","1","00000000","99999999"
"17","J9FA15000012","こむぎ胚芽","こむぎはいが","Wheat germ","6","","1","1","00000000","99999999"
"18","J9FA15000013","グルテン","ぐるてん","Gluten","6","","1","1","00000000","99999999"
"19","J9FA15000014","グルテニン","ぐるてにん","Glutenin","6","","1","1","00000000","99999999"
"20","J9FA15000015","グリアジン","ぐありじん","Gliadin","6","","1","1","00000000","99999999"
"21","J9FA15000016","小麦粉","こむぎこ","Wheat flour","6","","1","1","00000000","99999999"
"22","J9FA15000017","小麦でん粉","こむぎでんぷん","Wheat starch","6","","","1","00000000","99999999"
"23","J9FA15000018","特異的IgE ω-5 グリアジン","とくいてきあいじーいーおめがふぁいぶぐありじん","Specific IgE omega-5 gliadin","6","","","1","00000000","99999999"
"24","J9FA15110000","スペルト小麦","すぺるとこむぎ","Spelt wheat","4","","","1","00000000","99999999"
"25","J9FA15120000","デュラム小麦","でゅらむこむぎ","Durum wheat","4","","","1","00000000","99999999"
"26","J9FA15120011","デュラムセモリナ","でゅらむせもりな","Durum semolina","6","","","1","00000000","99999999"
"27","J9FA15980000","小麦（その他）","こむぎ（そのた）","Wheat (Other)","4","","","1","00000000","99999999"
"28","J9FA15990000","小麦（詳細不明）","こむぎ（しょうさいふめい）","Wheat (N.O.S)","4","","","1","00000000","99999999"
"29","J9FA16000000","ライ麦","らいむぎ","Rye","3","","","1","00000000","99999999"
"30","J9FA17000000","えん麦","えんむぎ","Oats","3","","","1","00000000","99999999"
"31","J9FA17000011","オートミール","おーとみーる","Oatmeal","6","","","1","00000000","99999999"
"32","J9FA18000000","精麦","せいばく","Milled barley","3","","","1","00000000","99999999"
"33","J9FA19000000","雑穀","ざっこく","Minor grains","3","","","1","00000000","99999999"
"34","J9FA19000011","雑穀粉","ざっこくこ","Millet flour","6","","","1","00000000","99999999"
"35","J9FA19110000","とうもろこし","とうもろこし","Corn","4","1","1","1","00000000","99999999"
"36","J9FA19110011","とうもろこし粉","とうもろこしこ","Corn flour","6","","","1","00000000","99999999"
"37","J9FA19110012","とうもろこしでん粉","とうもろこしでんぷん","Corn starch","6","","","1","00000000","99999999"
"38","J9FA19120000","あわ","あわ","Foxtail millet","4","","","1","00000000","99999999"
"39","J9FA19130000","ひえ","ひえ","Japanese millet","4","","","1","00000000","99999999"
"40","J9FA19140000","そば","そば","Buckwheat","4","1","1","1","00000000","99999999"
"41","J9FA19140011","そば粉","そばこ","Buckwheat flour","6","","1","1","00000000","99999999"
"42","J9FA19140012","そば茶","そまちゃ","Buckwheat tea","6","","","1","00000000","99999999"
"43","J9FA19140013","そばまんじゅう","そばまんじゅう","Soba manju (Buckwheat bun)","6","","","1","00000000","99999999"
"44","J9FA19140014","そば焼酎","そばじょうちゅう","Buckwheat shochu","6","","","1","00000000","99999999"
"45","J9FA19150000","きび","きび","Proso millet","4","","","1","00000000","99999999"
"46","J9FA19160000","もろこし","もろこし","Sorghum","4","","","1","00000000","99999999"
"47","J9FA19170000","はとむぎ","はとむぎ","Job's tears","4","","","1","00000000","99999999"
"48","J9FA19180000","アマランス","あまらんすこ","Amaranth","4","","","1","00000000","99999999"
"49","J9FA19190000","キヌア","きぬあ","Quinoa","4","","","1","00000000","99999999"
"50","J9FA19980000","雑穀（その他）","ざっこく（そのた）","Minor grains (Other)","4","","","1","00000000","99999999"
"51","J9FA19990000","雑穀（詳細不明）","ざっこく（しょうさいふめい）","Minor grains (N.O.S)","4","","","1","00000000","99999999"
"52","J9FA21000000","豆類","まめるい","Beans","3","1","","1","00000000","99999999"
"53","J9FA21000011","豆粉","まめこ","Bean flour","6","","","1","00000000","99999999"
"54","J9FA21000012","煮豆","にまめ","Cooked beans","6","","","1","00000000","99999999"
"55","J9FA21000013","いり豆","いりまめ","Roasted beans","6","","","1","00000000","99999999"
"56","J9FA21110000","大豆","だいず","Soybeans","4","1","1","1","00000000","99999999"
"57","J9FA21110011","大豆粉","だいずこ","Soybean flour","6","","","1","00000000","99999999"
"58","J9FA21110012","豆腐","とうふ","Tofu","6","1","1","1","00000000","99999999"
"59","J9FA21110013","油揚げ","あぶらあげ","Deep-fried tofu","6","","","1","00000000","99999999"
"60","J9FA21110014","生あげ","なまあげ","Fresh deep-fried tofu","6","","","1","00000000","99999999"
"61","J9FA21110015","がんもどき","がんもどき","Ganmodoki","6","","","1","00000000","99999999"
"62","J9FA21110016","ゆば","ゆば","Yuba","6","","","1","00000000","99999999"
"63","J9FA21110017","納豆","なっとう","Natto (Fermented soybeans)","6","1","1","1","00000000","99999999"
"64","J9FA21110018","きなこ","きなこ","Roasted soybean flour","6","","","1","00000000","99999999"
"65","J9FA21110019","豆乳","とうにゅう","Soy milk","6","1","1","1","00000000","99999999"
"66","J9FA21110021","特異的IgE Gly m 4 (大豆由来)","とくいてきあいじーいーぐりしんｍ4（だいずゆらい）","Specific IgE Gly m 4 (from soybeans)","6","","","1","00000000","99999999"
"67","J9FA21120000","小豆","あずき","Adzuki beans","4","1","","1","00000000","99999999"
"68","J9FA21120011","あずき粉","あずきこ","Adzuki bean powder","6","","","1","00000000","99999999"
"69","J9FA21120012","ゆであずき","ゆであずき","Boiled adzuki beans","6","","","1","00000000","99999999"
"70","J9FA21120013","あん","あん","Red bean paste","6","","","1","00000000","99999999"
"71","J9FA21130000","いんげん","いんげん","Green beans","4","","","1","00000000","99999999"
"72","J9FA21130011","いんげん豆粉","いんげんまめこ","Green bean flour","6","","","1","00000000","99999999"
"73","J9FA21131100","うずら","うずら","Quail","5","","","1","00000000","99999999"
"74","J9FA21131200","手亡","てぼう","White kidney beans","5","","","1","00000000","99999999"
"75","J9FA21131300","金時","きんとき","Red kidney beans","5","","","1","00000000","99999999"
"76","J9FA21131400","とら豆","とらまめ","Tora beans","5","","","1","00000000","99999999"
"77","J9FA21131500","白花豆","しろはなまめ","White flower beans","5","","","1","00000000","99999999"
"78","J9FA21131600","大福","おおふくまめ","Daifuku","5","","","1","00000000","99999999"
"79","J9FA21140000","えんどう","えんどう","Peas","4","","1","1","00000000","99999999"
"80","J9FA21141100","さやえんどう","さやえんどう","Pea pods","5","","","1","00000000","99999999"
"81","J9FA21141200","スナップえんどう","すなっぷえんどう","Snap peas","5","","","1","00000000","99999999"
"82","J9FA21141300","グリーンピース","ぐりーんぴーす","Green peas","5","","","1","00000000","99999999"
"83","J9FA21150000","ささげ","ささげ","Sasage","4","","","1","00000000","99999999"
"84","J9FA21170000","緑豆","りょうくとう、りょくず","Mung beans","4","","","1","00000000","99999999"
"85","J9FA21180000","落花生","らっかせい","Peanuts","4","1","1","1","00000000","99999999"
"86","J9FA21180011","ピーナッツバター","ぴーなっつばたー","Peanut butter","6","","","1","00000000","99999999"
"87","J9FA21180012","特異的IgE Ara h2（ピーナッツ由来）","とくいてきあいじーいーあらにんh2（ぴーなっつゆらい）","Specific IgE Ara h2 (from peanuts)","6","","","1","00000000","99999999"
"88","J9FA21190000","キドニー豆","きどにーまめ","Kidney beans","4","","","1","00000000","99999999"
"89","J9FA21210000","レンズ豆","れんずまめ","Lentils","4","","","1","00000000","99999999"
"90","J9FA21220000","ヒヨコ豆","ひよこまめ","Chickpeas","4","","1","1","00000000","99999999"
"91","J9FA21230000","ライ豆","らいまめ","Lima beans","4","","","1","00000000","99999999"
"92","J9FA21980000","豆類（その他）","まめるい（そのた）","Beans (Other)","4","","","1","00000000","99999999"
"93","J9FA21990000","豆類（詳細不明）","まめるい（しょうさいふめい）","Beans (N.O.S)","4","","","1","00000000","99999999"
"94","J9FA22000000","粉類","こなるい","Flours","3","","","1","00000000","99999999"
"95","J9FA22110000","調整雑粉","ちょうせいざっぷん","Miscellaneous flour","4","","","1","00000000","99999999"
"96","J9FA22111100","プレミックス","ぷれみっくす","Premixes","5","","","1","00000000","99999999"
"97","J9FA22111200","パン類ミックス","ばんるいみっくす","Bread mixes","5","","","1","00000000","99999999"
"98","J9FA22111300","ケーキ類ミックス","けーきるいみっくす","Cake mixes","5","","","1","00000000","99999999"
"99","J9FA22111400","調理用ミックス","ちょうりようみっくす","Cooking mixes","5","","","1","00000000","99999999"
"100","J9FA22980000","粉類（その他）","こなるい（そのた）","Flours (Other)","4","","","1","00000000","99999999"
"101","J9FA22990000","粉類（詳細不明）","こなるい（しょうさいふめい）","Flours (N.O.S)","4","","","1","00000000","99999999"
"102","J9FA23000000","でん粉","でんぷん","Starch","3","","","1","00000000","99999999"
"103","J9FA23110000","タピオカでん粉","たぴおかでんぷん","Tapioca starch","4","","","1","00000000","99999999"
"104","J9FA23120000","サゴでん粉","さごでんぷん","Sago starch","4","","","1","00000000","99999999"
"105","J9FA23980000","でん粉（その他）","でんぷん（そのた）","Starch (Other)","4","","","1","00000000","99999999"
"106","J9FA23990000","でん粉（詳細不明）","でんぷん（しょうさいふめい）","Starch (N.O.S)","4","","","1","00000000","99999999"
"107","J9FA24000000","根菜類","こんさいるい","Root vegetables","3","1","","1","00000000","99999999"
"108","J9FA24110000","だいこん","だいこん","Daikon radish","4","","1","1","00000000","99999999"
"109","J9FA24111100","こうしんだいこん","こうしんだいこん","Koshin daikon","5","","","1","00000000","99999999"
"110","J9FA24111200","あおながだいこん","あおながだいこん","Aonaga daikon","5","","","1","00000000","99999999"
"111","J9FA24111300","べにまるだいこん","べにまるだいこん","Benimaru daikon","5","","","1","00000000","99999999"
"112","J9FA24111400","べにながだいこん","べにながだいこん","Beni naga daikon","5","","","1","00000000","99999999"
"113","J9FA24120000","かぶ","がぶ","Turnip","4","","","1","00000000","99999999"
"114","J9FA24130000","にんじん","にんじん","Carrot","4","","1","1","00000000","99999999"
"115","J9FA24131100","西洋にんじん","せいようにんじん","Western carrot","5","","","1","00000000","99999999"
"116","J9FA24131200","金時にんじん","きんときにんじん","Kintoki carrot","5","","","1","00000000","99999999"
"117","J9FA24140000","ごぼう","ごぼう","Burdock","4","","","1","00000000","99999999"
"118","J9FA24141200","葉ごぼう","はごぼう","Leaf burdock","5","","","1","00000000","99999999"
"119","J9FA24150000","れんこん","れんこん","Lotus root","4","","","1","00000000","99999999"
"120","J9FA24160000","さつまいも","さつまいも","Sweet potato","4","","","1","00000000","99999999"
"121","J9FA24160011","いも粉","いもこ","Potato flour","6","","","1","00000000","99999999"
"122","J9FA24160012","かんしょでん粉","かんしょでんぷん","Sweet potato starch","6","","","1","00000000","99999999"
"123","J9FA24160013","いもがら","いもがら","Dried taro stem","6","","","1","00000000","99999999"
"124","J9FA24170000","じゃがいも","じゃがいも","Potato","4","","1","1","00000000","99999999"
"125","J9FA24170011","じゃがいもでん粉","じゃがいもでんぷん","Potato starch","6","","","1","00000000","99999999"
"126","J9FA24180000","さといも","さといも","Taro","4","","1","1","00000000","99999999"
"127","J9FA24181100","セレベス","せれべす","Celebes taro","5","","","1","00000000","99999999"
"128","J9FA24181200","京いも","たけのこいも","Kyoimo","5","","","1","00000000","99999999"
"129","J9FA24181300","やつがしら","やつがしら","Yatsugashira taro","5","","","1","00000000","99999999"
"130","J9FA24181400","えびいも","えびいも","Ebiimo","5","","","1","00000000","99999999"
"131","J9FA24181500","えぐいも","えぐいも","Eguimo","5","","","1","00000000","99999999"
"132","J9FA24181600","はすいも","はすいも","Hasuimo","5","","","1","00000000","99999999"
"133","J9FA24190000","やまのいも","やまのいも","Japanese yam","4","1","1","1","00000000","99999999"
"134","J9FA24191100","ながいも","ながいも","Chinese yam","5","","","1","00000000","99999999"
"135","J9FA24191200","やまといも","やまといも","Yamato yam","5","","","1","00000000","99999999"
"136","J9FA24210000","くわい","くわい","Arrowhead","4","","","1","00000000","99999999"
"137","J9FA24220000","ラディッシュ","らでぃっしゅ","Radish","4","","","1","00000000","99999999"
"138","J9FA24230000","食用ゆり","しょくようゆり","Edible lily","4","","","1","00000000","99999999"
"139","J9FA24240000","ビーツ","びーつ","Beets","4","","","1","00000000","99999999"
"140","J9FA24250000","ちょろぎ","ちょろぎ","Chorogi","4","","","1","00000000","99999999"
"141","J9FA24260000","セルリアク","せるりあく","Celeriac","4","","","1","00000000","99999999"
"142","J9FA24270000","ビート","ビート","Beet","4","","","1","00000000","99999999"
"143","J9FA24980000","根菜類（その他）","こんさいるい（そのた）","Root vegetables (Other)","4","","","1","00000000","99999999"
"144","J9FA24990000","根菜類（詳細不明）","こんさいるい（しょうさいふめい）","Root vegetables (N.O.S)","4","","","1","00000000","99999999"
"145","J9FA25000000","葉茎菜類","ようけいさいるい","Leaf and stem vegetables","3","","","1","00000000","99999999"
"146","J9FA25110000","はくさい","はくさい","Chinese cabbage","4","","","1","00000000","99999999"
"147","J9FA25111100","たけのこはくさい","たけのこはくさい","Bamboo shoot cabbage","5","","","1","00000000","99999999"
"148","J9FA25120000","たけのこ","たけのこ","Bamboo shoot","4","","1","1","00000000","99999999"
"149","J9FA25130000","さんとうさい","さんとうさい","Santousai","4","","","1","00000000","99999999"
"150","J9FA25140000","こまつな","こまつな","Komatsuna","4","","","1","00000000","99999999"
"151","J9FA25150000","つけな","つけな","Tsukena","4","","","1","00000000","99999999"
"152","J9FA25151100","きょうな","きょうな","Kyona","5","","","1","00000000","99999999"
"153","J9FA25151200","みぶな","みぶな","Mibuna","5","","","1","00000000","99999999"
"154","J9FA25151300","のざわな","のざわな","Nozawana","5","","","1","00000000","99999999"
"155","J9FA25151400","ひろしまな","ひろしまな","Hiroshimana","5","","","1","00000000","99999999"
"156","J9FA25160000","からしな類","からしなるい","Mustard greens","4","","","1","00000000","99999999"
"157","J9FA25161100","からしな","からしな","Mustard green","5","","","1","00000000","99999999"
"158","J9FA25161200","たかな","たかな","Takana","5","","","1","00000000","99999999"
"159","J9FA25170000","キャベツ","きゃべつ","Cabbage","4","","1","1","00000000","99999999"
"160","J9FA25171100","グリーンボール","ぐりーんんぼーる","Green cabbage","5","","","1","00000000","99999999"
"161","J9FA25171200","レッドキャベツ","れっどきゃべつ","Red cabbage","5","","","1","00000000","99999999"
"162","J9FA25171300","芽キャベツ","めきゃべつ","Brussels sprouts","5","","","1","00000000","99999999"
"163","J9FA25180000","つまみな","つまみな","Tsumanina","4","","","1","00000000","99999999"
"164","J9FA25190000","チンゲンサイ","ちんげんざい","Bok choy","4","","","1","00000000","99999999"
"165","J9FA25210000","ほうれんそう","ほうれんそう","Spinach","4","","1","1","00000000","99999999"
"166","J9FA25220000","ふき","ふき","Butterbur","4","","","1","00000000","99999999"
"167","J9FA25221100","つわぶき","つわぶき","Leopard plant","5","","","1","00000000","99999999"
"168","J9FA25221200","ふきのとう","ふきのとう","Butterbur sprout","5","","","1","00000000","99999999"
"169","J9FA25230000","うど","うど","Udo","4","","","1","00000000","99999999"
"170","J9FA25240000","みつば","みつば","Mitsuba","4","","1","1","00000000","99999999"
"171","J9FA25250000","しゅんぎく","しゅんぎく","Garland chrysanthemum","4","","","1","00000000","99999999"
"172","J9FA25260000","せり","せり","Water dropwort","4","","1","1","00000000","99999999"
"173","J9FA25270000","セロリ","せろり","Celery","4","","1","1","00000000","99999999"
"174","J9FA25280000","アスパラガス","あすぱらがす","Asparagus","4","","","1","00000000","99999999"
"175","J9FA25290000","カリフラワー","かりふらわー","Cauliflower","4","","","1","00000000","99999999"
"176","J9FA25310000","ブロッコリー","ぶろっこりー","Broccoli","4","","1","1","00000000","99999999"
"177","J9FA25320000","レタス","れたす","Lettuce","4","","1","1","00000000","99999999"
"178","J9FA25321100","リーフレタス","しーふれたす","Leaf lettuce","5","","","1","00000000","99999999"
"179","J9FA25321200","コスレタス","こすれたす","Romaine lettuce","5","","","1","00000000","99999999"
"180","J9FA25321300","ステムレタス","すてむれたす","Stem lettuce","5","","","1","00000000","99999999"
"181","J9FA25330000","サラダ菜","さらだな","Salad greens","4","","1","1","00000000","99999999"
"182","J9FA25340000","ねぎ","ねぎ","Green onion","4","","1","1","00000000","99999999"
"183","J9FA25341100","白ねぎ","しろねぎ","White green onion","5","","","1","00000000","99999999"
"184","J9FA25341200","青ねぎ","あおねぎ","Scallion","5","","","1","00000000","99999999"
"185","J9FA25341300","こねぎ","こねぎ","Chive","5","","","1","00000000","99999999"
"186","J9FA25350000","わけぎ","わけぎ","Welsh onion","4","","","1","00000000","99999999"
"187","J9FA25360000","あさつき","あさつき","Asatsuki","4","","","1","00000000","99999999"
"188","J9FA25370000","にら","にら","Chinese chive","4","","1","1","00000000","99999999"
"189","J9FA25380000","たまねぎ","たまねぎ","Onion","4","","1","1","00000000","99999999"
"190","J9FA25380011","オニオンエキス","おにおんえきす","Onion extract","6","","","1","00000000","99999999"
"191","J9FA25381100","アーリーレッド","あーりーれっど","Early red onion","5","","","1","00000000","99999999"
"192","J9FA25381200","ペコロス","ぺころす","Pickling onion","5","","","1","00000000","99999999"
"193","J9FA25390000","にんにく","にんにく","Garlic","4","","1","1","00000000","99999999"
"194","J9FA25391100","葉にんにく","はにんにく","Garlic leaves","5","","","1","00000000","99999999"
"195","J9FA25391200","にんにくの芽","にんにくのめ","Garlic sprouts","5","","","1","00000000","99999999"
"196","J9FA25410000","らっきょう","らっきょう","Rakkyo","4","","","1","00000000","99999999"
"197","J9FA25420000","エシャレット","えしゃれっと","Shallot","4","","","1","00000000","99999999"
"198","J9FA25430000","もやし","もやし","Bean sprouts","4","","","1","00000000","99999999"
"199","J9FA25431100","大豆もやし","だいずもやし","Soybean sprouts","5","","","1","00000000","99999999"
"200","J9FA25440000","なばな","なばな","Nabana","4","","","1","00000000","99999999"
"201","J9FA25450000","タアサイ","たあさい","Tatsoi","4","","","1","00000000","99999999"
"202","J9FA25460000","パクチィ","ぱくちぃ","Cilantro","4","","","1","00000000","99999999"
"203","J9FA25470000","つるむらさき","つるむらさき","Malabar spinach","4","","","1","00000000","99999999"
"204","J9FA25480000","エンダイブ","えんだいぶ","Endive","4","","","1","00000000","99999999"
"205","J9FA25490000","チコリー","ちこりー","Chicory","4","","1","1","00000000","99999999"
"206","J9FA25510000","おかひじき","おかひじき","Land seaweed","4","","","1","00000000","99999999"
"207","J9FA25520000","コンサイタイ","こんさいたい","Konsaitai","4","","","1","00000000","99999999"
"208","J9FA25530000","サイシン","さいしん","Wild ginger","4","","","1","00000000","99999999"
"209","J9FA25540000","あしたば","あしたば","Angelica keiskei","4","","","1","00000000","99999999"
"210","J9FA25550000","エンサイ","えんさい","Water spinach","4","","","1","00000000","99999999"
"211","J9FA25560000","カイラン","かいらん","Chinese broccoli","4","","","1","00000000","99999999"
"212","J9FA25570000","芹菜","きんさい","Chinese Celery","4","","","1","00000000","99999999"
"213","J9FA25580000","コウサイタイ","こうさいたい","Purple-stem mustard","4","","","1","00000000","99999999"
"214","J9FA25590000","コールラビ","こーるらび","Kohlrabi","4","","","1","00000000","99999999"
"215","J9FA25610000","食用なずな","しょくようなずな","Shepherd's purse","4","","","1","00000000","99999999"
"216","J9FA25620000","じゅんさい","じゅんさい","Watershield","4","","","1","00000000","99999999"
"217","J9FA25630000","セリホン","せりほん","Japanese parsley","4","","","1","00000000","99999999"
"218","J9FA25640000","ひゆな","ひゆな","Hiyuna","4","","","1","00000000","99999999"
"219","J9FA25660000","ふだんそう","ふだんそう","Swiss chard","4","","","1","00000000","99999999"
"220","J9FA25670000","まこも","まこも","Wild rice","4","","","1","00000000","99999999"
"221","J9FA25680000","モロヘイヤ","もろへいや","Corchorus olitorius","4","","","1","00000000","99999999"
"222","J9FA25690000","ルバーブ","るばーぶ","Rhubarb","4","","","1","00000000","99999999"
"223","J9FA25710000","リーキ","りーき","Leeks","4","","","1","00000000","99999999"
"224","J9FA25720000","アーティチョーク","あーてぃちょーく","Artichoke","4","","","1","00000000","99999999"
"225","J9FA25730000","ケール","けーる","Kale","4","","","1","00000000","99999999"
"226","J9FA25740000","トレビス","とれびす","Radicchio","4","","1","1","00000000","99999999"
"227","J9FA25980000","葉茎菜類（その他）","ようけいさいるい（そのた）","Leaf and stem vegetables (Other)","4","","","1","00000000","99999999"
"228","J9FA25990000","葉茎菜類（詳細不明）","ようけいさいるい（しょうさいふめい）","Leaf and stem vegetables (N.O.S)","4","","","1","00000000","99999999"
"229","J9FA26000000","果菜類","かさいるい","Fruiting vegetables","3","","","1","00000000","99999999"
"230","J9FA26110000","きゅうり","きゅうり","Cucumber","4","","1","1","00000000","99999999"
"231","J9FA26111100","もろきゅうり","もろきゅうり","Moro cucumber","5","","","1","00000000","99999999"
"232","J9FA26111200","花まるきゅうり","はなまるきゅうり","Hanamaru cucumber","5","","","1","00000000","99999999"
"233","J9FA26120000","しろうり","しろうり","White melon","4","","","1","00000000","99999999"
"234","J9FA26130000","かぼちゃ","かぼちゃ","Pumpkin","4","","","1","00000000","99999999"
"235","J9FA26131100","ズッキーニ","ずっきーに","Zucchini","5","","1","1","00000000","99999999"
"236","J9FA26131200","バターナッツかぼちゃ","ばたーなっつかぼちゃ","Butternut squash","5","","","1","00000000","99999999"
"237","J9FA26140000","なす","なす","Eggplant","4","","","1","00000000","99999999"
"238","J9FA26141100","小なす","こなす","Small eggplant","5","","","1","00000000","99999999"
"239","J9FA26141200","べいなす","べいなす","American eggplant","5","","","1","00000000","99999999"
"240","J9FA26150000","トマト","とまと","Tomato","4","","1","1","00000000","99999999"
"241","J9FA26150011","トマトケチャップ","とまとけちゃっぷ","Tomato ketchup","6","","","1","00000000","99999999"
"242","J9FA26151100","ミニトマト","みにとまと","Cherry tomatoes","5","","","1","00000000","99999999"
"243","J9FA26160000","ピーマン","ぴーまん","Bell pepper","4","","1","1","00000000","99999999"
"244","J9FA26170000","ししとうがらし","ししとうがらし","Shishito pepper","4","","1","1","00000000","99999999"
"245","J9FA26180000","さやいんげん","さやいんげん","String beans","4","","","1","00000000","99999999"
"246","J9FA26190000","そらまめ","そらまめ","Broad beans","4","","","1","00000000","99999999"
"247","J9FA26210000","えだまめ","えだまめ","Edamame","4","","","1","00000000","99999999"
"248","J9FA26220000","オクラ","おくら","Okra","4","","","1","00000000","99999999"
"249","J9FA26230000","とうがん","とうがん","Winter melon","4","","","1","00000000","99999999"
"250","J9FA26240000","にがうり","にがうり","Bitter melon","4","","","1","00000000","99999999"
"251","J9FA26250000","はやとうり","はやとうり","Sponge gourd","4","","","1","00000000","99999999"
"252","J9FA26260000","へびうり","へびうり","Snake gourd","4","","","1","00000000","99999999"
"253","J9FA26270000","ひし","ひし","Water caltrop","4","","","1","00000000","99999999"
"254","J9FA26280000","かんぴょう","かんぴょう","Dried gourd strips","4","","","1","00000000","99999999"
"255","J9FA26980000","果菜類（その他）","かさいるい（そのた）","Fruiting vegetables (Other)","4","","","1","00000000","99999999"
"256","J9FA26990000","果菜類（詳細不明）","かさいるい（しょうさいふめい）","Fruiting vegetables (N.O.S)","4","","","1","00000000","99999999"
"257","J9FA27000000","香辛野菜およびつまもの類","こうしんやさいおよびつまものるい","Herbs and garnishes","3","","","1","00000000","99999999"
"258","J9FA27110000","わさび","わさび","Wasabi","4","","","1","00000000","99999999"
"259","J9FA27120000","しょうが","しょうが","Ginger","4","","1","1","00000000","99999999"
"260","J9FA27121100","根しょうが","ねしょうが","Root ginger","5","","","1","00000000","99999999"
"261","J9FA27121200","葉しょうが","はしょうが","Leaf ginger","5","","","1","00000000","99999999"
"262","J9FA27140000","芽","芽","Sprouts","4","","","1","00000000","99999999"
"263","J9FA27141100","きの芽","きのめ","Sansho buds","5","","","1","00000000","99999999"
"264","J9FA27141200","紅たで","べにたで","Red water pepper","5","","","1","00000000","99999999"
"265","J9FA27150000","しそ","しそ","Shiso","4","","1","1","00000000","99999999"
"266","J9FA27150011","しその実","しそのみ","Shiso seeds","6","","","1","00000000","99999999"
"267","J9FA27151100","おおば","おおば","Green shiso","5","","","1","00000000","99999999"
"268","J9FA27151200","ほじそ","ほじそ","Purple shiso","5","","","1","00000000","99999999"
"269","J9FA27160000","かいわれだいこん","かいわれだいこん","Daikon sprouts","4","","","1","00000000","99999999"
"270","J9FA27170000","みょうが","みょうが","Myoga ginger","4","","","1","00000000","99999999"
"271","J9FA27171100","花みょうが","はなみょうが","Myoga flower","5","","","1","00000000","99999999"
"272","J9FA27171200","みょうがたけ","みょうがたけ","Myoga shoots","5","","","1","00000000","99999999"
"273","J9FA27180000","クレソン","くれそん","Watercress","4","","","1","00000000","99999999"
"274","J9FA27190000","パセリ","ぱせり","Parsley","4","","1","1","00000000","99999999"
"275","J9FA27210000","うめ","うめ","Japanese apricot","4","","","1","00000000","99999999"
"276","J9FA27211200","こうめ","こうめ","Small Japanese apricot","5","","","1","00000000","99999999"
"277","J9FA27220000","ゆず類","ゆずるい","Yuzu citrus fruits","4","","","1","00000000","99999999"
"278","J9FA27221100","ゆず","ゆず","Yuzu","5","","","1","00000000","99999999"
"279","J9FA27221200","だいだい","だいだい","Daidai orange","5","","","1","00000000","99999999"
"280","J9FA27221300","すだち","すだち","Sudachi","5","","","1","00000000","99999999"
"281","J9FA27221400","ゆこう","ゆこう","Yuko citrus","5","","","1","00000000","99999999"
"282","J9FA27221500","かぼす","かぼす","Kabosu","5","","","1","00000000","99999999"
"283","J9FA27230000","はまぼうふう","はまぼうふう","Beach silvertop","4","","","1","00000000","99999999"
"284","J9FA27240000","食用ぎく","しょくようぎく","Edible chrysanthemum","4","","","1","00000000","99999999"
"285","J9FA27250000","ホースラディッシュ","ほーすらでぃっしゅ","Horseradish","4","","","1","00000000","99999999"
"286","J9FA27260000","バジル","ばじる","Basil","4","","","1","00000000","99999999"
"287","J9FA27270000","ミント","みんと","Mint","4","","","1","00000000","99999999"
"288","J9FA27271100","ペパーミント","ぺぱーみんと","Peppermint","5","","1","1","00000000","99999999"
"289","J9FA27280000","ディル","でぃる","Dill","4","","","1","00000000","99999999"
"290","J9FA27290000","タイム","たいむ","Thyme","4","","","1","00000000","99999999"
"291","J9FA27310000","ローズマリー","ろーずまりー","Rosemary","4","","","1","00000000","99999999"
"292","J9FA27980000","香辛野菜およびつまもの類（その他）","こうしんやさいおよびつまものるい（そのた）","Herbs and garnishes (Other)","4","","","1","00000000","99999999"
"293","J9FA27990000","香辛野菜およびつまもの類（詳細不明）","こうしんやさいおよびつまものるい（しょうさいふめい）","Herbs and garnishes (N.O.S)","4","","","1","00000000","99999999"
"294","J9FA28000000","きのこ類","きのこるい","Mushrooms","3","1","","1","00000000","99999999"
"295","J9FA28110000","しいたけ","しいたけ","Shiitake mushrooms","4","","1","1","00000000","99999999"
"296","J9FA28120000","まつたけ","まつたけ","Matsutake mushrooms","4","1","1","1","00000000","99999999"
"297","J9FA28130000","なめこ","なめこ","Nameko mushrooms","4","","","1","00000000","99999999"
"298","J9FA28140000","えのきたけ","えのきたけ","Enoki mushrooms","4","","","1","00000000","99999999"
"299","J9FA28150000","ひらたけ","ひらたけ","Oyster mushrooms","4","","","1","00000000","99999999"
"300","J9FA28160000","しろたもぎたけ","しろたもぎたけ","White tamogitake mushrooms","4","","","1","00000000","99999999"
"301","J9FA28170000","しめじ","しめじ","Shimeji mushrooms","4","","1","1","00000000","99999999"
"302","J9FA28180000","マッシュルーム","まっしゅるーむ","Button mushrooms","4","","","1","00000000","99999999"
"303","J9FA28190000","きくらげ","きくらげ","Wood ear mushrooms","4","","","1","00000000","99999999"
"304","J9FA28210000","まいたけ","まいたけ","Maitake mushrooms","4","","","1","00000000","99999999"
"305","J9FA28980000","きのこ類（その他）","きのこるい（そのた）","Mushrooms (Other)","4","","","1","00000000","99999999"
"306","J9FA28990000","きのこ類（詳細不明）","このこるい（しょうさいふめい）","Mushrooms (N.O.S)","4","","","1","00000000","99999999"
"307","J9FA29000000","山菜類","さんさいるい","Wild vegetables","3","","","1","00000000","99999999"
"308","J9FA29110000","わらび","わらび","Bracken","4","","","1","00000000","99999999"
"309","J9FA29120000","ぜんまい","ぜんまい","Fern shoot","4","","","1","00000000","99999999"
"310","J9FA29130000","山ごぼう","やまごぼう","Wild burdock","4","","","1","00000000","99999999"
"311","J9FA29980000","山菜類（その他）","さんさいるい（そのた）","Wild vegetables (Other)","4","","","1","00000000","99999999"
"312","J9FA29990000","山菜類（詳細不明）","さんさいるい（しょうさいふめい）","Wild vegetables (N.O.S)","4","","","1","00000000","99999999"
"313","J9FA31000000","果実的野菜","かじつてきやさい","Fruit vegetables","3","","","1","00000000","99999999"
"314","J9FA31110000","いちご","いちご","Strawberry","4","","1","1","00000000","99999999"
"315","J9FA31120000","メロン","めろん","Melon","4","","1","1","00000000","99999999"
"316","J9FA31121100","カンタロープ","かんたろーぷ","Cantaloupe","5","","1","1","00000000","99999999"
"317","J9FA31130000","すいか","すいか","Watermelon","4","","1","1","00000000","99999999"
"318","J9FA31131100","小玉すいか","こだますいか","Small watermelon","5","","","1","00000000","99999999"
"319","J9FA31980000","果実的野菜（その他）","かじつてきやさい（そのた）","Fruit vegetables (Other)","4","","","1","00000000","99999999"
"320","J9FA31990000","果実的野菜（詳細不明）","かじつてきやさい（しょうさいふめい）","Fruit vegetables (N.O.S)","4","","","1","00000000","99999999"
"321","J9FA32000000","果実","かじつ","Fruits","3","1","","1","00000000","99999999"
"322","J9FA32110000","かんきつ","かんきつ","Citrus fruits","4","1","1","1","00000000","99999999"
"323","J9FA32110011","マーマレード","まーまれーど","Marmalade","6","","","1","00000000","99999999"
"324","J9FA32111100","みかん","みかん","mandarin orange","5","","1","1","00000000","99999999"
"325","J9FA32111200","なつみかん","なつみかん","Summer orange","5","","","1","00000000","99999999"
"326","J9FA32111300","甘なつみかん","あまなつみかん","Sweet summer orange","5","","","1","00000000","99999999"
"327","J9FA32111400","はっさく","はっさく","Hassaku orange","5","","","1","00000000","99999999"
"328","J9FA32111500","いよかん","いよかん","Iyokan","5","","","1","00000000","99999999"
"329","J9FA32111600","ネーブルオレンジ","ねーぶるおれんじ","Navel oranges","5","1","1","1","00000000","99999999"
"330","J9FA32111700","バレンシアオレンジ","ばれんしあおれんじ","Valencia oranges","5","","","1","00000000","99999999"
"331","J9FA32111800","ポンカン","ぽんかん","Ponkan","5","","","1","00000000","99999999"
"332","J9FA32111900","清見","きよみ","Kiyomi orange","5","","","1","00000000","99999999"
"333","J9FA32112100","セミノール","せみのーる","Seminole orange","5","","","1","00000000","99999999"
"334","J9FA32112200","ぶんたん","ぶんたん","Pomelo","5","","","1","00000000","99999999"
"335","J9FA32112300","さんぼうかん","さんぼうかん","Sanbokan","5","","","1","00000000","99999999"
"336","J9FA32112400","なるとかん","なるとかん","Naruto orange","5","","","1","00000000","99999999"
"337","J9FA32112500","日向夏","ひゅうがなつ","Hyuganatsu","5","","","1","00000000","99999999"
"338","J9FA32112600","たんかん","たんかん","Tankan orange","5","","","1","00000000","99999999"
"339","J9FA32112700","グレープフルーツ","ぐれーぷふるーつ","grapefruit","5","","","1","00000000","99999999"
"340","J9FA32112800","レモン","れもん","Lemon","5","","1","1","00000000","99999999"
"341","J9FA32112900","きんかん","きんかん","Kumquat","5","","","1","00000000","99999999"
"342","J9FA32113100","ライム","らいむ","Lime","5","","1","1","00000000","99999999"
"343","J9FA32120000","りんご","りんご","Apple","4","1","1","1","00000000","99999999"
"344","J9FA32130000","日本なし","にほんなし","Japanese pear","4","","1","1","00000000","99999999"
"345","J9FA32140000","西洋なし","せいようなし","European pear","4","","1","1","00000000","99999999"
"346","J9FA32150000","柿","かき","Persimmon","4","","","1","00000000","99999999"
"347","J9FA32150011","干柿","ほしがき","Dried persimmon","6","","","1","00000000","99999999"
"348","J9FA32160000","びわ","びわ","Loquat","4","","","1","00000000","99999999"
"349","J9FA32170000","ざくろ","ざくろ","Pomegranate","4","","","1","00000000","99999999"
"350","J9FA32180000","まるめろ","まるめろ","Quince","4","","","1","00000000","99999999"
"351","J9FA32190000","かりん","かりん","Chinese quince","4","","","1","00000000","99999999"
"352","J9FA32210000","もも","もも","Peach","4","1","1","1","00000000","99999999"
"353","J9FA32211100","ネクタリン","ねくたりん","Nectarine","5","","","1","00000000","99999999"
"354","J9FA32211200","すもも","すもも","Japanese plum","5","","1","1","00000000","99999999"
"355","J9FA32211300","おうとう","おうとう","Cherry","5","","1","1","00000000","99999999"
"356","J9FA32220000","あんず","あんず","Apricot","4","","1","1","00000000","99999999"
"357","J9FA32230000","なつめ","なつめ","jujube","4","","","1","00000000","99999999"
"358","J9FA32240000","ぶどう","ぶどう","Grapes","4","","1","1","00000000","99999999"
"359","J9FA32240011","干ぶどう","ほしぶどう","Raisins","6","","","1","00000000","99999999"
"360","J9FA32250000","いちじく","いちじく","Fig","4","","1","1","00000000","99999999"
"361","J9FA32260000","すぐり","すぐり","Currant","4","","","1","00000000","99999999"
"362","J9FA32270000","くり","くり","Chestnut","4","","1","1","00000000","99999999"
"363","J9FA32280000","くるみ","くるみ","Walnut","4","1","1","1","00000000","99999999"
"364","J9FA32290000","ぎんなん","ぎんなん","Ginkgo nut","4","","1","1","00000000","99999999"
"365","J9FA32310000","アーモンド","あーもんど","Almond","4","1","1","1","00000000","99999999"
"366","J9FA32320000","カシューナッツ","かしゅーなっつ","Cashew nut","4","1","1","1","00000000","99999999"
"367","J9FA32330000","ピスタチオ","ぴすたちお","Pistachio","4","","1","1","00000000","99999999"
"368","J9FA32340000","ごま","ごま","Sesame seeds","4","1","1","1","00000000","99999999"
"369","J9FA32340011","ごま油","ごまあぶら","Sesame oil","6","","","1","00000000","99999999"
"370","J9FA32350000","えごま","えごま","Perilla","4","","","1","00000000","99999999"
"371","J9FA32350011","えごま油","えごまあぶら","Perilla oil","6","","","1","00000000","99999999"
"372","J9FA32360000","ピーカンナッツ","ぴーかんなっつ","Pecan nut","4","","1","1","00000000","99999999"
"373","J9FA32370000","マカデミアナッツ","まかでみあなっつ","Macadamia nut","4","","1","1","00000000","99999999"
"374","J9FA32380000","ブラジルナッツ","ぶらじるなっつ","Brazil nut","4","","1","1","00000000","99999999"
"375","J9FA32390000","ヘーゼルナッツ","へーぜるなっつ","Hazelnut","4","","1","1","00000000","99999999"
"376","J9FA32410000","ポピーシード","ぽぴーしーど","Poppy seeds","4","","","1","00000000","99999999"
"377","J9FA32420000","ヒマワリの種","ひまわりのたね","Sunflower seeds","4","","","1","00000000","99999999"
"378","J9FA32430000","松の実","まつのみ","Pine nuts","4","","","1","00000000","99999999"
"379","J9FA32440000","チアシード","ちあしーど","Chia seeds","4","","","1","00000000","99999999"
"380","J9FA32450000","クコの実","くこのみ","Goji berries","4","","","1","00000000","99999999"
"381","J9FA32460000","菜種","なたね","Rapeseed","4","","","1","00000000","99999999"
"382","J9FA32470000","亜麻仁","あまに","Flaxseed","4","","","1","00000000","99999999"
"383","J9FA32480000","パインアップル","ぱいんあっぷる","Pineapple","4","","1","1","00000000","99999999"
"384","J9FA32490000","バナナ","ばなな","Banana","4","1","1","1","00000000","99999999"
"385","J9FA32510000","パパイヤ","ぱぱいや","Papaya","4","","1","1","00000000","99999999"
"386","J9FA32520000","ポポー","ぽぽー","Pawpaw","4","","","1","00000000","99999999"
"387","J9FA32530000","ライチ","らいち","Lychee","4","","","1","00000000","99999999"
"388","J9FA32540000","キウイフルーツ","きういふるーつ","Kiwifruit","4","1","1","1","00000000","99999999"
"389","J9FA32550000","マンゴー","まんごー","Mango","4","","1","1","00000000","99999999"
"390","J9FA32560000","アボカド","あぼかど","Avocado","4","","1","1","00000000","99999999"
"391","J9FA32570000","ココナッツ","ここなっつ","Coconut","4","","","1","00000000","99999999"
"392","J9FA32580000","ブルーベリー","ぶるーべりー","Blueberry","4","","","1","00000000","99999999"
"393","J9FA32590000","ラズベリー","らずべりー","Raspberry","4","","","1","00000000","99999999"
"394","J9FA32610000","クランベリー","くらんべりー","Cranberry","4","","","1","00000000","99999999"
"395","J9FA32620000","ブラックベリー","ぶらっくべりー","Blackberry","4","","","1","00000000","99999999"
"396","J9FA32630000","デーツ","でーつ","Date","4","","","1","00000000","99999999"
"397","J9FA32640000","グアバ","ぐあば","Guava","4","","","1","00000000","99999999"
"398","J9FA32650000","プラム","ぷらむ","Plum","4","","","1","00000000","99999999"
"399","J9FA32660000","パラミツ","ぱらみつ","Jackfruit","4","","","1","00000000","99999999"
"400","J9FA32980000","果実（その他）","かじつ（そのた）","Fruits (Other)","4","","","1","00000000","99999999"
"401","J9FA32990000","果実（詳細不明）","かじつ（しょうさいふめい）","Fruits (N.O.S)","4","","","1","00000000","99999999"
"402","J9FA33000000","糖料作物","とうりょうさくもつ","Sugar crops","3","","","1","00000000","99999999"
"403","J9FA33110000","砂糖きび","さとうきび","Sugarcane","4","","","1","00000000","99999999"
"404","J9FA33120000","てんさい","てんさい","Sugar beet","4","","1","1","00000000","99999999"
"405","J9FA33130000","砂糖もろこし","さとうもろこし","Sweet sorghum","4","","","1","00000000","99999999"
"406","J9FA33140000","こんにゃくいも","こんにゃくいも","Konjac potato","4","","","1","00000000","99999999"
"407","J9FA33140011","こんにゃく粉","こんにゃくこ","Konjac flour","6","","1","1","00000000","99999999"
"408","J9FA33140012","こんにゃく","こんにゃく","Konjac","6","","1","1","00000000","99999999"
"409","J9FA33980000","糖料作物（その他）","とうりょうさくもつ（そのた）","Sugar crops (Other)","4","","","1","00000000","99999999"
"410","J9FA33990000","糖料作物（詳細不明）","とうりょうさくもつ（しょうさいふめい）","Sugar crops (N.O.S)","4","","","1","00000000","99999999"
"411","J9FA34000000","未加工飲料作物","みかこういんりょうさくもつ","Unprocessed beverage crops","3","","","1","00000000","99999999"
"412","J9FA34110000","茶の葉","ちゃのは","Tea leaves","4","","","1","00000000","99999999"
"413","J9FA34120000","生コーヒー豆","なまこーひーまめ","Raw coffee beans","4","","","1","00000000","99999999"
"414","J9FA34130000","生カカオ豆","なまかかおまめ","Raw cacao beans","4","","1","1","00000000","99999999"
"415","J9FA34980000","未加工飲料作物（その他）","みかこういんりょうさくもつ（そのた）","Unprocessed beverage crops (Other)","4","","","1","00000000","99999999"
"416","J9FA34990000","未加工飲料作物（詳細不明）","みかこういんりょうさくもつ（しょうさいふめい）","Unprocessed beverage crops (N.O.S)","4","","","1","00000000","99999999"
"417","J9FA35000000","香辛料原料品","こうしんりょうげんりょうひん","Spice raw materials","3","","","1","00000000","99999999"
"418","J9FA35110000","唐辛子","とうがらし","Chili pepper","4","","","1","00000000","99999999"
"419","J9FA35120000","からし","からし","mustard","4","","1","1","00000000","99999999"
"420","J9FA35130000","さんしょう","さんしょう","Japanese pepper","4","","","1","00000000","99999999"
"421","J9FA35140000","シナモン","しなもん","Cinnamon","4","","","1","00000000","99999999"
"422","J9FA35150000","こしょう","こしょう","Pepper","4","","1","1","00000000","99999999"
"423","J9FA35150011","ブラックペッパー","ぶらっくべっぱー","Black pepper","6","","","1","00000000","99999999"
"424","J9FA35150012","ホワイトペッパー","ほわいとぺっぱー","White pepper","6","","","1","00000000","99999999"
"425","J9FA35150013","レッドペッパー","れっどぺっぱー","Red pepper","6","","","1","00000000","99999999"
"426","J9FA35160000","クローブ","くろーぶ","Clove","4","","","1","00000000","99999999"
"427","J9FA35170000","ナツメグ","なつめぐ","Nutmeg","4","","","1","00000000","99999999"
"428","J9FA35180000","ういきょう","ういきょう","Fennel","4","","","1","00000000","99999999"
"429","J9FA35190000","サフラン","さふらん","Saffron","4","","","1","00000000","99999999"
"430","J9FA35210000","ローレル","ろーれる","Bay leaf","4","","","1","00000000","99999999"
"431","J9FA35220000","コリアンダー","コリアンダー","Coriander","4","","","1","00000000","99999999"
"432","J9FA35230000","西洋イラクサ","いらくさ","Nettle","4","","","1","00000000","99999999"
"433","J9FA35240000","リコリス","りこりす","Licorice","4","","","1","00000000","99999999"
"434","J9FA35250000","セージ","せーじ","Sage","4","","","1","00000000","99999999"
"435","J9FA35260000","タラゴン","たらごん","Tarragon","4","","","1","00000000","99999999"
"436","J9FA35270000","朝鮮人参","ちょうせんにんじん","Korean ginseng","4","","","1","00000000","99999999"
"437","J9FA35280000","オレガノ","おれがの","Oregano","4","","","1","00000000","99999999"
"438","J9FA35290000","ウコン","うこん","Turmeric","4","","","1","00000000","99999999"
"439","J9FA35310000","バニラ","ばにら","Vanilla","4","","1","1","00000000","99999999"
"440","J9FA35980000","香辛料原料品（その他）","こうしんりょうげんりょうひん（そのた）","Spice raw materials (Other)","4","","","1","00000000","99999999"
"441","J9FA35990000","香辛料原料品（詳細不明）","こうしんりょうげんりょうひん（しょうさいふめい）","Spice raw materials (N.O.S)","4","","","1","00000000","99999999"
"442","J9FA36000000","砂糖","さとう","Sugar","3","","","1","00000000","99999999"
"443","J9FA36110000","ビート糖","びーととう","Beet sugar","4","","","1","00000000","99999999"
"444","J9FA36120000","黒砂糖","くろざとう","Brown sugar","4","","","1","00000000","99999999"
"445","J9FA36130000","かえで糖","かえでとう","Maple sugar","4","","","1","00000000","99999999"
"446","J9FA36980000","砂糖（その他）","さとう（そのた）","Sugar (Other)","4","","","1","00000000","99999999"
"447","J9FA36990000","砂糖（詳細不明）","さとう（しょうさいふめい）","Sugar (N.O.S)","4","","","1","00000000","99999999"
"448","J9FA37000000","糖みつ","とうみつ","Molasses","3","","","1","00000000","99999999"
"449","J9FA38000000","糖類","とうるい","Sugars","3","","","1","00000000","99999999"
"450","J9FA38110000","水あめ","みずあめ","Starch syrup","4","","","1","00000000","99999999"
"451","J9FA38120000","ぶどう糖","ぶどうとう","Glucose","4","","","1","00000000","99999999"
"452","J9FA38130000","果糖","かとう","Fructose","4","","","1","00000000","99999999"
"453","J9FA38140000","麦芽糖","ばくがとう","Maltose","4","","","1","00000000","99999999"
"454","J9FA38150000","人工甘味料","じんこうかんみりょう","Artificial sweeteners","4","","","1","00000000","99999999"
"455","J9FA38151100","エリスリトール","えりすりとーる","Erythritol","5","","","1","00000000","99999999"
"456","J9FA38151200","キシリトール","きしりとーる","Xylitol","5","","","1","00000000","99999999"
"457","J9FA38151300","ステビア","すてびあ","Stevia","5","","","1","00000000","99999999"
"458","J9FA38151400","サッカリン","さっかりん","Saccharin","5","","","1","00000000","99999999"
"459","J9FA38151500","ガラクトオリゴ糖","がらくとおりごとう","Galactooligosaccharides","5","","","1","00000000","99999999"
"460","J9FA38151600","ソルビトール","そるびとーる","Sorbitol","5","","","1","00000000","99999999"
"461","J9FA38151700","アセスルファムカリウム","あせするふぁむかりうむ","Acesulfame potassium","5","","","1","00000000","99999999"
"462","J9FA38151800","マルチトール","まるちとーる","Maltitol","5","","","1","00000000","99999999"
"463","J9FA38151900","スクラロース","すくらろーす","Sucralose","5","","","1","00000000","99999999"
"464","J9FA38980000","糖類（その他）","とうるい（そのた）","Sugars (Other)","4","","","1","00000000","99999999"
"465","J9FA38990000","糖類（詳細不明）","とうるい（しょうさいふめい）","Sugars (N.O.S)","4","","","1","00000000","99999999"
"466","J9FB00000000","畜産食品","ちくさんしょくひん","Livestock foods","2","1","","1","00000000","99999999"
"467","J9FB11000000","生鮮肉類","せいせんにくるい","Fresh meat","3","1","","1","00000000","99999999"
"468","J9FB11110000","牛肉","ぎゅうにく","Beef","4","1","1","1","00000000","99999999"
"469","J9FB11110011","加熱した牛肉","かねつしたぎゅうにく","Cooked beef","6","1","","1","00000000","99999999"
"470","J9FB11120000","豚肉","ぶたにく","Pork","4","1","1","1","00000000","99999999"
"471","J9FB11120011","加熱した豚肉","かねつしたぶたにく","Cooked pork","6","","","1","00000000","99999999"
"472","J9FB11130000","いのしし肉","いのししにく","Wild boar meat","4","","","1","00000000","99999999"
"473","J9FB11130011","加熱したいのしし肉","かねつしたいのししにく","Cooked wild boar meat","6","","","1","00000000","99999999"
"474","J9FB11140000","馬肉","ばにく","Horse meat","4","","","1","00000000","99999999"
"475","J9FB11140011","加熱した馬肉","かねつしたばにく","Cooked horse meat","6","","","1","00000000","99999999"
"476","J9FB11150000","羊肉","ようにく","Lamb","4","","","1","00000000","99999999"
"477","J9FB11150011","加熱した羊肉","かねつしたようにく","Cooked lamb","6","","","1","00000000","99999999"
"478","J9FB11160000","やぎ肉","やぎにく","Goat meat","4","","","1","00000000","99999999"
"479","J9FB11160011","加熱したやぎ肉","かねつしたやぎにく","Cooked goat meat","6","","","1","00000000","99999999"
"480","J9FB11170000","うさぎ肉","うさぎにく","Rabbit meat","4","","","1","00000000","99999999"
"481","J9FB11170011","加熱したうさぎ肉","かねつしたうさぎにく","Cooked rabbit meat","6","","","1","00000000","99999999"
"482","J9FB11180000","鶏肉","とりにく","Chicken","4","1","1","1","00000000","99999999"
"483","J9FB11180011","加熱した鶏肉","かねつしたとりにく","Cooked chicken","6","","","1","00000000","99999999"
"484","J9FB11190000","七面鳥の肉","しちめんちょうのにく","Turkey meat","4","","","1","00000000","99999999"
"485","J9FB11190011","加熱した七面鳥の肉","かねつしたしちめんちょうのにく","Cooked turkey meat","6","","","1","00000000","99999999"
"486","J9FB11210000","アヒルの肉","あひるのにく","Duck meat","4","","","1","00000000","99999999"
"487","J9FB11210011","加熱したアヒルの肉","かねつしたあひるのにく","Cooked duck meat","6","","","1","00000000","99999999"
"488","J9FB11220000","鴨肉","かもにく","Wild duck meat","4","","","1","00000000","99999999"
"489","J9FB11220011","加熱した鴨肉","かねつしたかもにく","Cooked wild duck meat","6","","","1","00000000","99999999"
"490","J9FB11230000","ガチョウの肉","がちょうのにく","Goose meat","4","","","1","00000000","99999999"
"491","J9FB11230011","加熱したガチョウの肉","かねつしたがちょうのにく","Cooked goose meat","6","","","1","00000000","99999999"
"492","J9FB11240000","鹿肉","しかにく","Venison","4","","","1","00000000","99999999"
"493","J9FB11240011","加熱した鹿肉","かねつしたしかにく","Cooked venison","6","","","1","00000000","99999999"
"494","J9FB11250000","バッファロー肉","ばっふぁろーにく","Buffalo meat","4","","","1","00000000","99999999"
"495","J9FB11250011","加熱したバッファロー肉","かねつしたばっふぁろーにく","Cooked buffalo meat","6","","","1","00000000","99999999"
"496","J9FB11980000","生鮮肉類（その他）","せいせんにくるい（そのた）","Fresh meat (Other)","4","","","1","00000000","99999999"
"497","J9FB11990000","生鮮肉類（詳細不明）","せいせんにくるい（しょうさいふめい）","Fresh meat (N.O.S)","4","","","1","00000000","99999999"
"498","J9FB12000000","乳","にゅう","Milk","3","1","1","1","00000000","99999999"
"499","J9FB12000011","酪農製品","らくのうせいひん","Dairy products","6","","","1","00000000","99999999"
"500","J9FB12000012","ホエイ","ほえい","Whey","6","","","1","00000000","99999999"
