DISPLAYSEQ,JFAGYCODE,JPTERM,JPKANA,ENTERM,LEVEL,MAINFLAG,GUIDELINE,CXGCATEGORY,RECORDDATE,ENDDATE
1,D9M000000000,非食品・非医薬品,ひしょくひん・ひいやくひん,Non-food non-medication,1,1,,0,00000000,99999999
2,D9F000000000,動物,どうぶつ,Animals,1,1,,0,00000000,99999999
3,D9N000000000,鳥類,ちょうるい,Birds,1,1,,0,00000000,99999999
4,00F,アヒル,あひる,Duck,1,1,1,0,00000000,99999999
5,J9FA00000000,アヒル羽毛,あひるうもう,Duck feathers,2,1,,0,00000000,99999999
6,J9FA11000000,オウム,おうむ,Parrot,3,,,0,00000000,99999999
7,J9FA12000000,オウム羽毛,おうむうもう,Parrot feathers,3,1,,0,00000000,99999999
8,J9FA12000011,ガチョウ,がちょう,Goose,6,,1,0,00000000,99999999
9,J9FA13000000,ガチョウ羽毛,がちょううもう,Goose feathers,3,1,,0,00000000,99999999
10,J9FA13000011,カナリヤ,かなりや,Canary,6,,,0,00000000,99999999
11,J9FA13000012,カナリヤ羽毛,かなりやうもう,Canary feathers,6,,,0,00000000,99999999
12,J9FA14000000,ニワトリ,にわとり,Chicken,3,1,,0,00000000,99999999
13,J9FA14000011,ニワトリ羽毛,にわとりうもう,Chicken feathers,6,,1,0,00000000,99999999
14,J9FA14000012,セキセイインコ,せきせいいんこ,Budgerigar,6,,,0,00000000,99999999
15,J9FA15000000,セキセイインコ羽毛,せきせいいんこうもう,Budgerigar feathers,3,1,1,0,00000000,99999999
16,J9FA15000011,セキセイインコのふん,せきせいいんこのふん,Budgerigar feces,6,,,0,00000000,99999999
17,J9FA15000012,セキセイインコ血清蛋白,せきせいいんこけっせいたんぱく,Budgerigar serum protein,6,,1,0,00000000,99999999
18,J9FA15000013,ハト,はと,Pigeon,6,,1,0,00000000,99999999
19,J9FA15000014,ハトのふん,はとのふん,Pigeon feces,6,,1,0,00000000,99999999
20,J9FA15000015,鳥類（その他）,ちょうるい（そのた）,Birds (Other),6,,1,0,00000000,99999999
21,J9FA15000016,鳥類（詳細不明）,ちょうるい（しょうさいふめい）,Birds (N.O.S),6,,1,0,00000000,99999999
22,J9FA15000017,哺乳類,ほにゅうるい,Mammals,6,,,0,00000000,99999999
23,J9FA15000018,イヌ,いぬ,Dog,6,,,0,00000000,99999999
24,J9FA15110000,イヌ上皮,いぬじょうひ,Dog epithelium,4,,,0,00000000,99999999
25,J9FA15120000,イヌ皮屑,いぬひせつ,Dog dander,4,,,0,00000000,99999999
26,J9FA15120011,ウサギ,うさぎ,Rabbit,6,,,0,00000000,99999999
27,J9FA15980000,ウサギ上皮,うさぎじょうひ,Rabbit epithelium,4,,,0,00000000,99999999
28,J9FA15990000,ウサギ皮屑,うさぎひせつ,Rabbit dander,4,,,0,00000000,99999999
29,J9FA16000000,ウシ,うし,Cow,3,,,0,00000000,99999999
30,J9FA17000000,ウシ皮屑,うしひせつ,Cow dander,3,,,0,00000000,99999999
31,J9FA17000011,ウマ,うま,Horse,6,,,0,00000000,99999999
32,J9FA18000000,ウマ皮屑,うまひせつ,Horse dander,3,,,0,00000000,99999999
33,J9FA19000000,ネコ,ねこ,Cat,3,,,0,00000000,99999999
34,J9FA19000011,ネコ上皮,ねこじょうひ,Cat epithelium,6,,,0,00000000,99999999
35,J9FA19110000,ネコ皮屑,ねこひせつ,Cat dander,4,1,1,0,00000000,99999999
36,J9FA19110011,ハムスター,はむすたー,Hamster,6,,,0,00000000,99999999
37,J9FA19110012,ハムスター上皮,はむすたーじょうひ,Hamster epithelium,6,,,0,00000000,99999999
38,J9FA19120000,ヒツジ,ひつじ,Sheep,4,,,0,00000000,99999999
39,J9FA19130000,ヒツジ上皮,ひつじじょうひ,Sheep epithelium,4,,,0,00000000,99999999
40,J9FA19140000,ブタ,ぶた,Pig,4,1,1,0,00000000,99999999
41,J9FA19140011,ブタ上皮,ぶたじょうひ,Pig epithelium,6,,1,0,00000000,99999999
42,J9FA19140012,マウス,まうす,Mouse,6,,,0,00000000,99999999
43,J9FA19140013,マウス上皮,まうすじょうひ,Mouse epithelium,6,,,0,00000000,99999999
44,J9FA19140014,マウス皮屑,まうすひせつ,Mouse dander,6,,,0,00000000,99999999
45,J9FA19150000,マウス血清蛋白,まうすけっせいたんぱく,Mouse serum protein,4,,,0,00000000,99999999
46,J9FA19160000,マウス尿蛋白,まうすにょうたんぱく,Mouse urine protein,4,,,0,00000000,99999999
47,J9FA19170000,モルモット,もるもっと,Guinea pig,4,,,0,00000000,99999999
48,J9FA19180000,モルモット上皮,もるもっとじょうひ,Guinea pig epithelium,4,,,0,00000000,99999999
49,J9FA19190000,ヤギ,やぎ,Goat,4,,,0,00000000,99999999
50,J9FA19980000,ヤギ上皮,やぎじょうひ,Goat epithelium,4,,,0,00000000,99999999
51,J9FA19990000,ラット,らっと,Rat,4,,,0,00000000,99999999
52,J9FA21000000,ラット上皮,らっとじょうひ,Rat epithelium,3,1,,0,00000000,99999999
53,J9FA21000011,ラット皮屑,らっとひせつ,Rat dander,6,,,0,00000000,99999999
54,J9FA21000012,ラット血清蛋白,らっとけっせいたんぱく,Rat serum protein,6,,,0,00000000,99999999
55,J9FA21000013,ラット尿蛋白,らっとにょうたんぱく,Rat urine protein,6,,,0,00000000,99999999
56,J9FA21110000,哺乳類（その他）,ほにゅうるい（そのた）,Mammals (Other),4,1,1,0,00000000,99999999
57,J9FA21110011,哺乳類（詳細不明）,ほにゅうるい（しょうさいふめい）,Mammals (N.O.S),6,,,0,00000000,99999999
58,J9FA21110012,植物,しょくぶつ,Plants,6,1,1,0,00000000,99999999
59,J9FA21110013,イネ科,いねか,Poaceae,6,,,0,00000000,99999999
60,J9FA21110014,ハルガヤ,はるがや,False oat-grass,6,,,0,00000000,99999999
61,J9FA21110015,ギョウギシバ,ぎょうぎしば,Bermuda grass,6,,,0,00000000,99999999
62,J9FA21110016,カモガヤ,かもがや,Timothy grass,6,,,0,00000000,99999999
63,J9FA21110017,ヒロハウシノケグサ,ひろはうしのけぐさ,Orchard grass,6,1,1,0,00000000,99999999
64,J9FA21110018,ホソムギ,ほそむぎ,Ryegrass,6,,,0,00000000,99999999
65,J9FA21110019,オオアワガエリ,おおあわがえり,Italian ryegrass,6,1,1,0,00000000,99999999
66,J9FA21110021,アシ,あし,Common reed,6,,,0,00000000,99999999
67,J9FA21120000,ナガハグサ,ながはぐさ,Tall fescue,4,1,,0,00000000,99999999
68,J9FA21120011,コヌカグサ,こぬかぐさ,Barnyard grass,6,,,0,00000000,99999999
69,J9FA21120012,セイバンモロコシ,せいばんもろこし,Sorghum,6,,,0,00000000,99999999
70,J9FA21120013,コスズメノチャヒキ,こすずめのちゃひき,Annual bluegrass,6,,,0,00000000,99999999
71,J9FA21130000,ライ麦花粉,らいむぎかふん,Rye pollen,4,,,0,00000000,99999999
72,J9FA21130011,シラゲガヤ,しらげがや,Redtop,6,,,0,00000000,99999999
73,J9FA21131100,オート麦花粉,おーとむぎかふん,Oat pollen,5,,,0,00000000,99999999
74,J9FA21131200,小麦花粉,こむぎかふん,Wheat pollen,5,,,0,00000000,99999999
75,J9FA21131300,オオスズメノテッポウ,おおすずめのてっぽう,Canary grass,5,,,0,00000000,99999999
76,J9FA21131400,スズメノヒエ,すずめのひえ,Crabgrass,5,,,0,00000000,99999999
77,J9FA21131500,大麦花粉,おおむぎかふん,Barley pollen,5,,,0,00000000,99999999
78,J9FA21131600,トウモロコシ花粉,とうもろこしかふん,Corn pollen,5,,,0,00000000,99999999
79,J9FA21140000,サトウキビ,さとうきび,Sugarcane,4,,1,0,00000000,99999999
80,J9FA21141100,イネ科（その他）,いねか（そのた）,Poaceae (Other),5,,,0,00000000,99999999
81,J9FA21141200,イネ科（詳細不明）,いねか（しょうさいふめい）,Poaceae (N.O.S),5,,,0,00000000,99999999
82,J9FA21141300,草花,くさばな,Grass flowers,5,,,0,00000000,99999999
83,J9FA21150000,アオゲイトウ,あおげいとう,Amaranth,4,,,0,00000000,99999999
84,J9FA21170000,アキノキリンソウ,あきのきりんそう,Goldenrod,4,,,0,00000000,99999999
85,J9FA21180000,イソホウキ,いそほうき,Sea lavender,4,1,1,0,00000000,99999999
86,J9FA21180011,イラクサ,いらくさ,Nettle,6,,,0,00000000,99999999
87,J9FA21180012,オオブタクサ,おおぶたくさ,Giant ragweed,6,,,0,00000000,99999999
88,J9FA21190000,オカヒジキ,おかひじき,Saltwort,4,,,0,00000000,99999999
89,J9FA21210000,オナモミ,おなもみ,Cocklebur,4,,,0,00000000,99999999
90,J9FA21220000,カナムグラ,かなむぐら,Hop,4,,1,0,00000000,99999999
91,J9FA21230000,カミツレ,かみつれ,Chamomile,4,,,0,00000000,99999999
92,J9FA21980000,サクラソウ,さくらそう,Primrose,4,,,0,00000000,99999999
93,J9FA21990000,プリミン,ぷりみん,Primine,4,,,0,00000000,99999999
94,J9FA22000000,シロザ,しろざ,Lamb's quarters,3,,,0,00000000,99999999
95,J9FA22110000,タンポポ,たんぽぽ,Dandelion,4,,,0,00000000,99999999
96,J9FA22111100,チューリップ,ちゅーりっぷ,Tulip,5,,,0,00000000,99999999
97,J9FA22111200,ナタネ,なたね,Rapeseed,5,,,0,00000000,99999999
98,J9FA22111300,ニガヨモギ,にがよもぎ,Wormwood,5,,,0,00000000,99999999
99,J9FA22111400,ハマアカザ,はまあかざ,Sea beet,5,,,0,00000000,99999999
100,J9FA22980000,バラ,ばら,Rose,4,,,0,00000000,99999999
101,J9FA22990000,ヒカゲミズ,ひかげみず,Water hemlock,4,,,0,00000000,99999999
102,J9FA23000000,ヒメスイバ,ひめすいぱ,Sheep sorrel,3,,,0,00000000,99999999
103,J9FA23110000,ブタクサ,ぶたくさ,Ragweed,4,,,0,00000000,99999999
104,J9FA23120000,ブタクサモドキ,ぶたくさもどき,False ragweed,4,,,0,00000000,99999999
105,J9FA23980000,フランスギク,ふらんすぎく,Oxeye daisy,4,,,0,00000000,99999999
106,J9FA23990000,ヘラオオバコ,へらおおばこ,Plantain,4,,,0,00000000,99999999
107,J9FA24000000,ヨモギ,よもぎ,Mugwort,3,1,,0,00000000,99999999
108,J9FA24110000,ツユクサ,つゆくさ,Dayflower,4,,1,0,00000000,99999999
109,J9FA24111100,アロエベラ,あろえべら,Aloe vera,5,,,0,00000000,99999999
110,J9FA24111200,キダチアロエ,きだちあろえ,Aloe arborescens,5,,,0,00000000,99999999
111,J9FA24111300,ポトス,ぽとす,Pothos,5,,,0,00000000,99999999
112,J9FA24111400,ディフェンバキア,でぃふぇんぱきあ,Dieffenbachia,5,,,0,00000000,99999999
113,J9FA24120000,ホップ,ほっぷ,Hops,4,,,0,00000000,99999999
114,J9FA24130000,キク,きく,Chrysanthemum,4,,1,0,00000000,99999999
115,J9FA24131100,マーガレット,まーがれっと,Marguerite,5,,,0,00000000,99999999
116,J9FA24131200,ひまわり,ひまわり,Sunflower,5,,,0,00000000,99999999
117,J9FA24140000,ダリア,だりあ,Dahlia,4,,,0,00000000,99999999
118,J9FA24141200,テンサイ,てんさい,Sugar beet,5,,,0,00000000,99999999
119,J9FA24150000,ユリ,ゆり,Lily,4,,,0,00000000,99999999
120,J9FA24160000,麻,あさ,Hemp,4,,,0,00000000,99999999
121,J9FA24160011,センニンソウ,せんにんそう,Clematis,6,,,0,00000000,99999999
122,J9FA24160012,キツネノボタン,きつねのぼたん,Buttercup,6,,,0,00000000,99999999
123,J9FA24160013,トキワザクラ,ときわざくら,Evergreen cherry,6,,,0,00000000,99999999
124,J9FA24170000,オトメザクラ,おとめざくら,Maiden cherry,4,,1,0,00000000,99999999
125,J9FA24170011,カクレミノ,かくれみの,Dwarf umbrella tree,6,,,0,00000000,99999999
126,J9FA24180000,ヤツデ,やつで,Japanese aralia,4,,1,0,00000000,99999999
127,J9FA24181100,キヅタ,きづた,Ivy,5,,,0,00000000,99999999
128,J9FA24181200,草花（その他）,くさばな（そのた）,Grass flowers (Other),5,,,0,00000000,99999999
129,J9FA24181300,草花（詳細不明）,くさばな（しょうさいふめい）,Grass flowers (N.O.S),5,,,0,00000000,99999999
130,J9FA24181400,樹木,じゅもく,Trees,5,,,0,00000000,99999999
131,J9FA24181500,カユプテ,かゆぷて,Cajeput,5,,,0,00000000,99999999
132,J9FA24181600,アカシヤ,あかしや、あかしあ,Acacia,5,,,0,00000000,99999999
133,J9FA24190000,ウルシ,うるし,Lacquer tree,4,1,1,0,00000000,99999999
134,J9FA24191100,ウルシオール,うるしおーる,Urushiol,5,,,0,00000000,99999999
135,J9FA24191200,ヤマハゼ,やまはぜ,Japanese wax tree,5,,,0,00000000,99999999
136,J9FA24210000,ハゼノキ,はぜのき,Wax tree,4,,,0,00000000,99999999
137,J9FA24220000,オオバヤシャブシ,おおばやしゃぶし,Japanese green alder,4,,,0,00000000,99999999
138,J9FA24230000,オリーブ,おりーぶ,Olive,4,,,0,00000000,99999999
139,J9FA24240000,カエデ,かえで,Maple,4,,,0,00000000,99999999
140,J9FA24250000,カエデバスズカケノキ,かえでばすすかけのき,Plane tree,4,,,0,00000000,99999999
141,J9FA24260000,カシ,かし,Oak,4,,,0,00000000,99999999
142,J9FA24270000,ニレ,にれ,Elm,4,,,0,00000000,99999999
143,J9FA24980000,ニワトコ,にわとこ,Elderberry,4,,,0,00000000,99999999
144,J9FA24990000,クリの木,くりのき,Chestnut tree,4,,,0,00000000,99999999
145,J9FA25000000,クルミの木,くるみのき,Walnut tree,3,,,0,00000000,99999999
146,J9FA25110000,クログルミの木,くろぐるみのき,Black walnut tree,4,,,0,00000000,99999999
147,J9FA25111100,クワ,くわ,Mulberry,5,,,0,00000000,99999999
148,J9FA25120000,コナラ,こなら,Konara oak,4,,1,0,00000000,99999999
149,J9FA25130000,シナノキ,しなのき,Linden tree,4,,,0,00000000,99999999
150,J9FA25140000,シラカンバ,しらかんば,White birch,4,,,0,00000000,99999999
151,J9FA25150000,スギ,すぎ,Cedar,4,,,0,00000000,99999999
152,J9FA25151100,トネリコ,とねりこ,Ash,5,,,0,00000000,99999999
153,J9FA25151200,マツ,まつ,Pine,5,,,0,00000000,99999999
154,J9FA25151300,メスキート,めすきーと,Mesquite,5,,,0,00000000,99999999
155,J9FA25151400,ハコヤナギ,はこやなぎ,Poplar,5,,,0,00000000,99999999
156,J9FA25160000,ハシバミ,はしばみ,Hazel,4,,,0,00000000,99999999
157,J9FA25161100,ハンノキ,はんのき,Alder,5,,,0,00000000,99999999
158,J9FA25161200,ヒノキ,ひのき,Cypress,5,,,0,00000000,99999999
159,J9FA25170000,ビャクシン,びゃくしん,Juniper,4,,1,0,00000000,99999999
160,J9FA25171100,ブナ,ぶな,Beech,5,,,0,00000000,99999999
161,J9FA25171200,ペカン,ぺかん,Pecan,5,,,0,00000000,99999999
162,J9FA25171300,ホソイトスギ,ほそいとすぎ,Italian cypress,5,,,0,00000000,99999999
163,J9FA25180000,モクマオウ,もくまおう,Casuarina,4,,,0,00000000,99999999
164,J9FA25190000,ヤナギ,やなぎ,Willow,4,,,0,00000000,99999999
165,J9FA25210000,ユーカリ,ゆーかり,Eucalyptus,4,,1,0,00000000,99999999
166,J9FA25220000,ライラック,らいらっく,Lilac,4,,,0,00000000,99999999
167,J9FA25221100,フィコス,ふぃこす,Ficus,5,,,0,00000000,99999999
168,J9FA25221200,ケヤキ,けやき,Zelkova,5,,,0,00000000,99999999
169,J9FA25230000,イチョウ,いちょう,Ginkgo,4,,,0,00000000,99999999
170,J9FA25240000,タラノキ,たらのき,Aralia,4,,1,0,00000000,99999999
171,J9FA25250000,サボテン,さぼてん,Cactus Cacti,4,,,0,00000000,99999999
172,J9FA25260000,樹木（その他）,じゅもく（そのた）,Trees (Other),4,,1,0,00000000,99999999
173,J9FA25270000,樹木（詳細不明）,じゅもく（しょうさいふめい）,Trees (N.O.S),4,,1,0,00000000,99999999
174,J9FA25280000,昆虫・寄生虫,こんちゅう・きせいちゅう,Insect & parasite Insects & parasites,4,,,0,00000000,99999999
175,J9FA25290000,昆虫,こんちゅう,Insects,4,,,0,00000000,99999999
176,J9FA25310000,アシナガバチ,あしながばち,Polistes wasp,4,,1,0,00000000,99999999
177,J9FA25320000,ガ,が,Moth,4,,1,0,00000000,99999999
178,J9FA25321100,ゴキブリ,ごきぶり,Cockroach,5,,,0,00000000,99999999
179,J9FA25321200,スズメバチ,すずめばち,Wasp,5,,,0,00000000,99999999
180,J9FA25321300,スズメバチ（イエローフェイス）,すずめばち（いえろーふぇいす）,Yellow-faced wasp,5,,,0,00000000,99999999
181,J9FA25330000,スズメバチ（ホワイトフェイス）,すずめばち（ほわいとふふぇいす）,White-faced wasp,4,,1,0,00000000,99999999
182,J9FA25340000,ミツバチ,みつばち,Honeybee,4,,1,0,00000000,99999999
183,J9FA25341100,ヤブカ,やぶか,Yellow fever mosquito,5,,,0,00000000,99999999
184,J9FA25341200,ユスリカ,ゆすりか,Chironomid,5,,,0,00000000,99999999
185,J9FA25341300,ユスリカ成虫,ゆすりかせいちゅう,Adult chironomid,5,,,0,00000000,99999999
186,J9FA25350000,カイコ,かいこ,Silkworm,4,,,0,00000000,99999999
187,J9FA25360000,トビケラ,とびけら,Caddisfly,4,,,0,00000000,99999999
188,J9FA25370000,カエル,かえる,Frog,4,,1,0,00000000,99999999
189,J9FA25380000,アリ,あり,Ant,4,,1,0,00000000,99999999
190,J9FA25380011,昆虫（その他）,こんちゅう（そのた）,Insect (Other),6,,,0,00000000,99999999
191,J9FA25381100,昆虫（詳細不明）,こんちゅう（しょうさいふめい）,Insect (N.O.S),5,,,0,00000000,99999999
192,J9FA25381200,寄生虫,きせいちゅう,Parasite,5,,,0,00000000,99999999
193,J9FA25390000,アニサキス,あにさきす,Anisakis,4,,1,0,00000000,99999999
194,J9FA25391100,カイチュウ,かいちゅう,Ascaris,5,,,0,00000000,99999999
195,J9FA25391200,ホウチュウ,ほうちゅう,Borrelia,5,,,0,00000000,99999999
196,J9FA25410000,住血吸虫,じゅうけつきゅうちゅう,Schistosoma,4,,,0,00000000,99999999
197,J9FA25420000,寄生虫（その他）,きせいちゅう（そのた）,Parasite (Other),4,,,0,00000000,99999999
198,J9FA25430000,寄生虫（詳細不明）,きせいちゅう（しょうさいふめい）,Parasite (N.O.S),4,,,0,00000000,99999999
199,J9FA25431100,生活環境由来,せいかつかんきょうゆらい,From living environment,5,,,0,00000000,99999999
200,J9FA25440000,カビ・菌,かび・きん,Mold/Fungus,4,,,0,00000000,99999999
201,J9FA25450000,アスペルギルス,あすぺるぎるす,Aspergillus,4,,,0,00000000,99999999
202,J9FA25460000,アルテルナリア,あるてるなりあ,Alternaria,4,,,0,00000000,99999999
203,J9FA25470000,エピコッカム,えぴこっかむ,Epicoccum,4,,,0,00000000,99999999
204,J9FA25480000,オーレオバシジウム,おーれおばしじむむ,Aureobasidium,4,,,0,00000000,99999999
205,J9FA25490000,カーブラリア,かーぶらりあ,Curvularia,4,,1,0,00000000,99999999
206,J9FA25510000,カンジダ,かんじだ,Candida,4,,,0,00000000,99999999
207,J9FA25520000,カンジダ・マンナンA,かんじだ・まんなんえー,Candida mannan A,4,,,0,00000000,99999999
208,J9FA25530000,カンジダ・酸性プロテアーゼ,かんじだ・さんせいぷろてあーぜ,Candida acid protease,4,,,0,00000000,99999999
209,J9FA25540000,クラドスポリウム,くらどすぽりうむ,Cladosporium,4,,,0,00000000,99999999
210,J9FA25550000,ステムフィリウム,すてむふぃりうむ,Stemphylium,4,,,0,00000000,99999999
211,J9FA25560000,セファロスポリウム,せふぁろすぽりうむ,Cephalosporium,4,,,0,00000000,99999999
212,J9FA25570000,トリコデルマ,とりこでるま,Trichoderma,4,,,0,00000000,99999999
213,J9FA25580000,トリコフィトン,とりこふぃとん,Trichophyton,4,,,0,00000000,99999999
214,J9FA25590000,フォーマ,ふぉーま,Phoma,4,,,0,00000000,99999999
215,J9FA25610000,フザリウム,ふざりうむ,Fusarium,4,,,0,00000000,99999999
216,J9FA25620000,ペニシリウム,ぺにしりうむ,Penicillium,4,,,0,00000000,99999999
217,J9FA25630000,ヘルミントスポリウム,へるみんとすぽりうむ,Helminthosporium,4,,,0,00000000,99999999
218,J9FA25640000,ボトリチス,ぼとりちす,Botrytis,4,,,0,00000000,99999999
219,J9FA25660000,マラセチア属,まらせちあぞく,Malassezia,4,,,0,00000000,99999999
220,J9FA25670000,マラセチア（ピティロスポリウム）,まらせちあ（ぴてぃろすぽりうむ）,Malassezia (Pityrosporum),4,,,0,00000000,99999999
221,J9FA25680000,ムコール,むこーる,Mucor,4,,,0,00000000,99999999
222,J9FA25690000,リゾプス,りぞぷす,Rhizopus,4,,,0,00000000,99999999
223,J9FA25710000,黄色ブドウ球菌・エンテロトキシンA,おうしょくぶどうきゅうきん・えんてろときしんえー,Staphylococcus aureus enterotoxin A,4,,,0,00000000,99999999
224,J9FA25720000,黄色ブドウ球菌・エンテロトキシンB,おうしょくぶどうきゅうきん・えんてろときしんびー,Staphylococcus aureus enterotoxin B,4,,,0,00000000,99999999
225,J9FA25730000,カビ・菌（その他）,かび・きん（そのた）,Mold/Fungus (Other),4,,,0,00000000,99999999
226,J9FA25740000,カビ・菌（詳細不明）,かび・きん（しょうさいふめい）,Mold/Fungus (N.O.S),4,,1,0,00000000,99999999
227,J9FA25980000,ダニ,だに,Mite,4,,,0,00000000,99999999
228,J9FA25990000,ヤケヒョウヒダニ,やけひょうひだに,House dust mite,4,,,0,00000000,99999999
229,J9FA26000000,コナヒョウヒダニ,こなひょうひだに,Storage mite,3,,,0,00000000,99999999
230,J9FA26110000,アシブトコナダニ,あしぶとこなだに,Tyrophagus putrescentiae,4,,1,0,00000000,99999999
231,J9FA26111100,サヤアシニクダニ,さやあしにくだに,Blomia tropicalis,5,,,0,00000000,99999999
232,J9FA26111200,ケナガコナダニ,けながこなだに,Lepidoglyphus destructor,5,,,0,00000000,99999999
233,J9FA26120000,イエニクダニ,いえにくだに,Dermatophagoides farinae,4,,,0,00000000,99999999
234,J9FA26130000,チリダニ,ちりだに,Dermatophagoides pteronyssinus,4,,,0,00000000,99999999
235,J9FA26131100,ハダニ,はだに,Spider mite,5,,1,0,00000000,99999999
236,J9FA26131200,ツツガムシ,つつがむし,Trombiculid mite,5,,,0,00000000,99999999
237,J9FA26140000,ダニ（その他）,だに（そのた）,Mite (Other),4,,,0,00000000,99999999
238,J9FA26141100,ダニ（詳細不明）,だに（しょうさいふめい）,Mite (N.O.S),5,,,0,00000000,99999999
239,J9FA26141200,ダスト,だすと,Dust,5,,,0,00000000,99999999
240,J9FA26150000,ハウスダスト,はうすだすと,House dust,4,,1,0,00000000,99999999
241,J9FA26150011,ハウスダスト1 (Greer),はうすだすといち（ぐりあ）,House dust 1 (Greer),6,,,0,00000000,99999999
242,J9FA26151100,ハウスダスト2 (Hollister),はうすだすとに（ほるすたー）,House dust 2 (Hollister),5,,,0,00000000,99999999
243,J9FA26160000,ハウスダスト6 (Japan),はうすだすとろく（じゃぱん）,House dust 6 (Japan),4,,1,0,00000000,99999999
244,J9FA26170000,綿,めん,Cotton,4,,1,0,00000000,99999999
245,J9FA26180000,絹,きぬ,Silk,4,,,0,00000000,99999999
246,J9FA26190000,綿花,めんか,Cotton flower,4,,,0,00000000,99999999
247,J9FA26210000,羊毛,ようもう,Wool,4,,,0,00000000,99999999
248,J9FA26220000,化学繊維,かがくせんい,Synthetic fiber,4,,,0,00000000,99999999
249,J9FA26230000,オオバコ種子,おおばこしゅし,Plantain seed,4,,,0,00000000,99999999
250,J9FA26240000,ダスト（その他）,だすと（そのた）,Dust (Other),4,,,0,00000000,99999999
251,J9FA26250000,ダスト（詳細不明）,だすと（しょうさいふめい）,Dust (N.O.S),4,,,0,00000000,99999999
252,J9FA26260000,化粧品,けしょうひん,Cosmetic,4,,,0,00000000,99999999
253,J9FA26270000,化粧水,けしょうすい,Lotion,4,,,0,00000000,99999999
254,J9FA26280000,乳液,にゅうえき,Emulsion,4,,,0,00000000,99999999
255,J9FA26980000,美白剤,びはくざい,Whitening agent,4,,,0,00000000,99999999
256,J9FA26990000,美容液,びようえき,Serum,4,,,0,00000000,99999999
257,J9FA27000000,フェイスクリーム,ふぇいすくりーむ,Face cream,3,,,0,00000000,99999999
258,J9FA27110000,化粧下地,けしょうしたじ,Makeup base,4,,,0,00000000,99999999
259,J9FA27120000,ファンデーション,ふぁんでーしょん,Foundation,4,,1,0,00000000,99999999
260,J9FA27121100,クレンジング,くれんじんぐ,Cleansing agent,5,,,0,00000000,99999999
261,J9FA27121200,洗顔料,せんがんりょう,Facial cleanser,5,,,0,00000000,99999999
262,J9FA27140000,パック,ぱっく,Face pack,4,,,0,00000000,99999999
263,J9FA27141100,アイライナー,あいらいなー,Eyeliner,5,,,0,00000000,99999999
264,J9FA27141200,アイシャドウ,あいしゃどう,Eyeshadow,5,,,0,00000000,99999999
265,J9FA27150000,マスカラ,ますから,Mascara,4,,1,0,00000000,99999999
266,J9FA27150011,口紅,くちべに,Lipstick,6,,,0,00000000,99999999
267,J9FA27151100,リップクリーム,りっぷくりーむ,Lip balm,5,,,0,00000000,99999999
268,J9FA27151200,頬紅,ほおべに,Blush,5,,,0,00000000,99999999
269,J9FA27160000,マニキュア,まにきゅあ,Nail polish,4,,,0,00000000,99999999
270,J9FA27170000,ジェルネイル,じぇるねいる,Gel nail polish,4,,,0,00000000,99999999
271,J9FA27171100,デオドラント,でおどらんと,Deodorant,5,,,0,00000000,99999999
272,J9FA27171200,セスキオレイン酸ソルビタン,せすきおれいんさんそるびたん,Sorbitan sesquioleate,5,,,0,00000000,99999999
273,J9FA27180000,化粧品（その他）,けしょうひん（そのた）,Cosmetic (Other),4,,,0,00000000,99999999
274,J9FA27190000,化粧品（詳細不明）,けしょうひん（しょうさいふめい）,Cosmetic (N.O.S),4,,1,0,00000000,99999999
275,J9FA27210000,サンスクリーン剤,さんすくりーんざい,Sunscreen agent,4,,,0,00000000,99999999
276,J9FA27211200,ベンゾフェノン-3,べんぞふぇのん-さん,Benzophenone-3,5,,,0,00000000,99999999
277,J9FA27220000,ベンゾフェノン-4,べんぞふぇのん-よん,Benzophenone-4,4,,,0,00000000,99999999
278,J9FA27221100,2-[4-(ジエチルアミノ)-2-ヒドロキシ安息香症]安息香酸ヘキシルエステル,に-[よん-(じえちるあみの)-に-ひどろきしんあんそくこうしょう]あんそくこうさんへきしるえすてる,2-[4-(diethylamino)-2-hydroxybenzo]benzoic acid hexyl ester,5,,,0,00000000,99999999
279,J9FA27221200,メトキシケイ皮酸エチルヘキシル,めときしけいひさんえちるへきしる,Ethylhexyl methoxycinnamate,5,,,0,00000000,99999999
280,J9FA27221300,メチレンビス-ベンゾトリアゾリルテトラメチルブチルフェノール,めちれんびす-べんぞとりあぞりるてとらめちるぶちるふぇのーる,Methylenebis-benzotriazolyl tetramethylbutylphenol,5,,,0,00000000,99999999
281,J9FA27221400,オクトクリレン,おくとくりれん,Octocrylene,5,,,0,00000000,99999999
282,J9FA27221500,オクチルトリアゾン,おくちるとりあぞん,Octyltriazone,5,,,0,00000000,99999999
283,J9FA27230000,フェニルベンゾイミダゾール-５-スルホン酸,ふぇにるべんぞいみだぞーる-ご-するほんさん,Phenylbenzimidazole sulfonic acid,4,,,0,00000000,99999999
284,J9FA27240000,"2,4,6-トリアニリノ-p-(カルボ-2'-エチルヘキシル-1'オキシ)-1,3,5-トリアジン",に，よん，ろく-とりあにりの-ぱら-（かるぼ-に’-えちるへきしる-いち’おきし）-いち，さん，ご-とりあじん,"2,4,6-Trianilino-p-(carbo-2'-ethylhexyl-1'oxy)-1,3,5-triazine",4,,,0,00000000,99999999
285,J9FA27250000,サンスクリーン剤（その他）,さんすくりーんざい（そのた）,Sunscreen agent (Other),4,,,0,00000000,99999999
286,J9FA27260000,サンスクリーン剤（詳細不明）,さんすくりーんざい（しょうさいふめい）,Sunscreen agent (N.O.S),4,,,0,00000000,99999999
287,J9FA27270000,香料,こうりょう,Fragrance,4,,,0,00000000,99999999
288,J9FA27271100,香水,こうすい,Perfume,5,,1,0,00000000,99999999
289,J9FA27280000,香料ミックス,こうりょうみっくす,Fragrance mix,4,,,0,00000000,99999999
290,J9FA27290000,アミルシナマル,あみるしなまる,Amylcinnamal,4,,,0,00000000,99999999
291,J9FA27310000,ヘキシルシンナマル,へきしるしんなまる,Hexyl cinnamal,4,,,0,00000000,99999999
292,J9FA27980000,シナミルアルコール,しなみるあるこーる,Cinnamyl alcohol,4,,,0,00000000,99999999
293,J9FA27990000,シンナムアルデヒド,しんなむあるでひど,Cinnamaldehyde,4,,,0,00000000,99999999
294,J9FA28000000,シトラール,しとらーる,Citral,3,1,,0,00000000,99999999
295,J9FA28110000,シトロネロール,しとろねろーる,Citronellol,4,,1,0,00000000,99999999
296,J9FA28120000,オイゲノール,おいげのーる,Eugenol,4,1,1,0,00000000,99999999
297,J9FA28130000,エバーニア・プルナストリエキス,えばーにあ・ぷるなすとりえきす,Evernia prunastri extract,4,,,0,00000000,99999999
298,J9FA28140000,ファルネソール,ふぁるねそーる,Farnesol,4,,,0,00000000,99999999
299,J9FA28150000,ゲラニオール,げらにおーる,Geraniol,4,,,0,00000000,99999999
300,J9FA28160000,ヒドロキシシトロネラール,ひどろきししとろねらーる,Hydroxycitronellal,4,,,0,00000000,99999999
301,J9FA28170000,ヒドロキシイソヘキシル-３-シクロヘキセンカルボキシアルデヒド,ひどろきしいそへきしる-さん-しくろへきせんかるぼきしあるでひど,Hydroxyisohexyl-3-cyclohexene carboxaldehyde,4,,1,0,00000000,99999999
302,J9FA28180000,イソオイゲノール,いそおいげのーる,Isoeugenol,4,,,0,00000000,99999999
303,J9FA28190000,クマリン,くまりん,Coumarin,4,,,0,00000000,99999999
304,J9FA28210000,6-メチルクマリン,ろく-めちるくまりん,6-Methylcoumarin,4,,,0,00000000,99999999
305,J9FA28980000,香料（その他）,こうりょう（そのた）,Fragrance (Other),4,,,0,00000000,99999999
306,J9FA28990000,香料（詳細不明）,こうりょう（しょうさいふめい）,Fragrance (N.O.S),4,,,0,00000000,99999999
307,J9FA29000000,理髪製品,りはつせいひん,Hairdressing product,3,,,0,00000000,99999999
308,J9FA29110000,ヘアカラー剤,へあからーざい,Hair colorant,4,,,0,00000000,99999999
309,J9FA29120000,パラフェニレンジアミン,ぱらふぇにれんじあみん,Paraphenylenediamine,4,,,0,00000000,99999999
310,J9FA29130000,シャンプー,しゃんぷー,Shampoo,4,,,0,00000000,99999999
311,J9FA29980000,リンス,りんす,Hair rinse,4,,,0,00000000,99999999
312,J9FA29990000,育毛剤,いくもうざい,Hair growth product,4,,,0,00000000,99999999
313,J9FA31000000,パーマ液,ぱーまえき,Permanent wave solution,3,,,0,00000000,99999999
314,J9FA31110000,過硫酸アンモニウム,かりゅうさんあんもにうむ,Ammonium persulfate,4,,1,0,00000000,99999999
315,J9FA31120000,チオグリコール酸グリセリル,ちおぐりこーるさんぐりせりる,Glyceryl thioglycolate,4,,1,0,00000000,99999999
316,J9FA31121100,p-フェニレンジアミン,ぱら-ふぇにれんじあみん,p-Phenylenediamine,5,,1,0,00000000,99999999
317,J9FA31130000,p-トリュイレンダミン,ぱら-とりゅいれんだみん,p-Toluenediamine,4,,1,0,00000000,99999999
318,J9FA31131100,理髪製品（その他）,りはつせいひん（そのた）,Hairdressing product (Other),5,,,0,00000000,99999999
319,J9FA31980000,理髪製品（詳細不明）,りはつせいひん（詳細不明）,Hairdressing product (N.O.S),4,,,0,00000000,99999999
320,J9FA31990000,洗剤,せんざい,Detergent,4,,,0,00000000,99999999
321,J9FA32000000,食器用洗剤,しょっきようせんざい,Dish detergent,3,1,,0,00000000,99999999
322,J9FA32110000,洗濯用洗剤,せんたくようせんざい,Laundry detergent,4,1,1,0,00000000,99999999
323,J9FA32110011,柔軟仕上げ剤,じゅうなんしあげざい,Fabric softener,6,,,0,00000000,99999999
324,J9FA32111100,ボディーソープ,ぼでぃーそーぷ,Body soap,5,,1,0,00000000,99999999
325,J9FA32111200,石鹸,せっけん,Soap,5,,,0,00000000,99999999
326,J9FA32111300,洗剤（その他）,せんざい（そのた）,Detergent (Other),5,,,0,00000000,99999999
327,J9FA32111400,洗剤（詳細不明）,せんざい（しょうさいふめい）,Detergent (N.O.S),5,,,0,00000000,99999999
328,J9FA32111500,歯科用材料,しかようざいりょう,Dental material,5,,,0,00000000,99999999
329,J9FA32111600,アマルガム,あまるがむ,Amalgam,5,1,1,0,00000000,99999999
330,J9FA32111700,ジメタクリル酸ジウレタン,じめたくりるさんじうれたん,Diurethane dimethacrylate,5,,,0,00000000,99999999
331,J9FA32111800,メタクリル酸2-ヒドロキシエチル,めたくりるさん２-ひどろきしえちる,2-Hydroxyethyl methacrylate,5,,,0,00000000,99999999
332,J9FA32111900,メタクリル酸メチル,めたくりるさんめちる,Methyl methacrylate,5,,,0,00000000,99999999
333,J9FA32112100,歯科金属,しかきんぞく,Dental metal,5,,,0,00000000,99999999
334,J9FA32112200,歯科用材料（その他）,しかようざいりょう（そのた）,Dental material (Other),5,,,0,00000000,99999999
335,J9FA32112300,歯科用材料（詳細不明）,しかようざいりょう（しょうさいふめい）,Dental material (N.O.S),5,,,0,00000000,99999999
336,J9FA32112400,一般用医薬品,いっぱんよういやくひん,OTC drug,5,,,0,00000000,99999999
337,J9FA32112500,絆創膏,ばんそうこう,Adhesive plaster,5,,,0,00000000,99999999
338,J9FA32112600,絆創膏（パット）,ばんそうこう（ぱっと）,Adhesive plaster (Pad),5,,,0,00000000,99999999
339,J9FA32112700,絆創膏（粘着テープ）,ばんそうこう（ねんちゃくてーぷ）,Adhesive plaster (Tape),5,,,0,00000000,99999999
340,J9FA32112800,ヨード剤,よーどざい,Iodine,5,,1,0,00000000,99999999
341,J9FA32112900,消毒薬（アルコール以外）,しょうどくやく（あるこーるいがい）,Antiseptic (other than alcohol),5,,,0,00000000,99999999
342,J9FA32113100,外用剤,がいようざい,Topical agent,5,,1,0,00000000,99999999
343,J9FA32120000,点眼剤,てんがんざい,Eye drop,4,1,1,0,00000000,99999999
344,J9FA32130000,眼軟膏,がんなんこう,Eye ointment,4,,1,0,00000000,99999999
345,J9FA32140000,抗菌薬外用剤,こうきんやくがいようざい,Topical antibacterial agent,4,,1,0,00000000,99999999
346,J9FA32150000,湿布剤,しっぷざい,Poultice,4,,,0,00000000,99999999
347,J9FA32150011,ステロイド剤,すてろいどざい,Steroid,6,,,0,00000000,99999999
348,J9FA32160000,消炎鎮痛剤,しょうえんちんつうざい,Anti-inflammatory analgesic,4,,,0,00000000,99999999
349,J9FA32170000,ざ瘡治療薬,ざそうちりょうやく,Acne treatment,4,,,0,00000000,99999999
350,J9FA32180000,抗白癬治療薬,こうはくせんちりょうやく,Anti-tinea medicine,4,,,0,00000000,99999999
351,J9FA32190000,胃薬,いぐすり,Stomach medicine,4,,,0,00000000,99999999
352,J9FA32210000,保湿剤,ほしつざい,Moisturizer,4,1,1,0,00000000,99999999
353,J9FA32211100,坐剤,ざざい,Suppository,5,,,0,00000000,99999999
354,J9FA32211200,膣剤,ちつざい,Vaginal suppository,5,,1,0,00000000,99999999
355,J9FA32211300,一般用医薬品（その他）,いっぱんよういやくひん（そのた）,OTC drug (Other),5,,1,0,00000000,99999999
356,J9FA32220000,一般用医薬品（詳細不明）,いいっぱんよういやくひん（しょうさいふめい）,OTC drug (N.O.S),4,,1,0,00000000,99999999
357,J9FA32230000,アクセサリー,あくせさりー,Accessory,4,,,0,00000000,99999999
358,J9FA32240000,ヘアピン,へあぴん,Hairpin,4,,1,0,00000000,99999999
359,J9FA32240011,イヤリング,いやりんぐ,Earring,6,,,0,00000000,99999999
360,J9FA32250000,ピアス,ぴあす,Pierced earring,4,,1,0,00000000,99999999
361,J9FA32260000,ネックレス,ねっくれす,Necklace,4,,,0,00000000,99999999
362,J9FA32270000,ペンダント,ぺんだんと,Pendant,4,,1,0,00000000,99999999
363,J9FA32280000,ブレスレット,ぶれすれっと,Bracelet,4,1,1,0,00000000,99999999
364,J9FA32290000,アクセサリー（その他）,あくせさりー（そのた）,Accessory (Other),4,,1,0,00000000,99999999
365,J9FA32310000,アクセサリー（詳細不明）,あくせさりー（しょうさいふめい）,Accessory (N.O.S),4,1,1,0,00000000,99999999
366,J9FA32320000,衣類,いるい,Clothing,4,1,1,0,00000000,99999999
367,J9FA32330000,下着,したぎ,Underwear,4,,1,0,00000000,99999999
368,J9FA32340000,靴下,くつした,Sock,4,1,1,0,00000000,99999999
369,J9FA32340011,腕時計,うでどけい,Watch,6,,,0,00000000,99999999
370,J9FA32350000,ベルトのバックル,べるとのばっくる,Belt buckle,4,,,0,00000000,99999999
371,J9FA32350011,ゴム手袋,ごむてぶくろ,Rubber glove,6,,,0,00000000,99999999
372,J9FA32360000,おむつ,おむつ,Diaper,4,,1,0,00000000,99999999
373,J9FA32370000,靴,くつ,Shoe,4,,1,0,00000000,99999999
374,J9FA32380000,N‐イソプロピル‐N'‐フェニル‐p‐フェニレンジアミン,えぬ-いそぷろぴ-えぬ-ふぇに-ぱ-ふぇにれんじあみん,N-Isopropyl-N'-phenyl-p-phenylenediamine,4,,1,0,00000000,99999999
375,J9FA32390000,衣類（その他）,いるい（そのた）,Clothing (Other),4,,1,0,00000000,99999999
376,J9FA32410000,衣類（詳細不明）,いるい（しょうさいふめい）,Clothing (N.O.S),4,,,0,00000000,99999999
377,J9FA32420000,日用品,にちようひん,Household item,4,,,0,00000000,99999999
378,J9FA32430000,ナイロン,ないろん,Nylon,4,,,0,00000000,99999999
379,J9FA32440000,プラスチック,ぷらすちっく,Plastic,4,,,0,00000000,99999999
380,J9FA32450000,めがね,めがね,Glasses,4,,,0,00000000,99999999
381,J9FA32460000,ゴーグル,ごーぐる,Goggles,4,,,0,00000000,99999999
382,J9FA32470000,補聴器,ほちょうき,Hearing aid,4,,,0,00000000,99999999
383,J9FA32480000,携帯電話,けいたいでんわ,Mobile phone,4,,1,0,00000000,99999999
384,J9FA32490000,聴診器,ちょうしんき,Stethoscope,4,1,1,0,00000000,99999999
385,J9FA32510000,デスクマット,ですくまっと,Desk mat,4,,1,0,00000000,99999999
386,J9FA32520000,寝具,しんぐ,Bedding,4,,,0,00000000,99999999
387,J9FA32530000,接着剤,せっちゃくざい,Adhesive,4,,,0,00000000,99999999
388,J9FA32540000,にかわ,にかわ,Glue,4,1,1,0,00000000,99999999
389,J9FA32550000,家具加工剤,かぐかこうざい,Furniture processing agent,4,,1,0,00000000,99999999
390,J9FA32560000,硬貨,こうか,Coin,4,,1,0,00000000,99999999
391,J9FA32570000,鍵,かぎ,Key,4,,,0,00000000,99999999
392,J9FA32580000,タバコ,たばこ,Cigarette,4,,,0,00000000,99999999
393,J9FA32590000,農薬,のうやく,Pesticide,4,,,0,00000000,99999999
394,J9FA32610000,灯油,とうゆ,Kerosene,4,,,0,00000000,99999999
395,J9FA32620000,線香,せんこう,Incense stick,4,,,0,00000000,99999999
396,J9FA32630000,歯磨き粉,はみがきこ,Toothpaste,4,,,0,00000000,99999999
397,J9FA32640000,革製品,かわせいひん,Leather product,4,,,0,00000000,99999999
398,J9FA32650000,入浴剤,にゅうよくざい,Bath additive,4,,,0,00000000,99999999
399,J9FA32660000,日用品（その他）,にちようひん（そのた）,Household item (Other),4,,,0,00000000,99999999
400,J9FA32980000,日用品（詳細不明）,にちようひん（しょうさいふめい）,Household item (N.O.S),4,,,0,00000000,99999999
401,J9FA32990000,その他の生活環境由来,そのたのせいかつかんきょうゆらい,Other living environment-derived,4,,,0,00000000,99999999
402,J9FA33000000,黄砂,こうさ,Asian dust,3,,,0,00000000,99999999
403,J9FA33110000,寒暖差,かんだんさ,Temperature difference,4,,,0,00000000,99999999
404,J9FA33120000,日光（紫外線）,にっこう（しがいせん）,Sunlight (ultraviolet ray),4,,1,0,00000000,99999999
405,J9FA33130000,ホルムアルデヒド,ほるむあるでひど,Formaldehyde,4,,,0,00000000,99999999
406,J9FA33140000,その他の生活環境由来（その他）,そのたのせいかつかんきょうゆらい（そのた）,Other living environment-derived (Other),4,,,0,00000000,99999999
407,J9FA33140011,その他の生活環境由来（詳細不明）,そのたのせいかつかんきょうゆらい（しょうさいふめい）,Other living environment-derived (N.O.S),6,,1,0,00000000,99999999
408,J9FA33140012,無機物,むきぶつ,Inorganic substance,6,,1,0,00000000,99999999
409,J9FA33980000,金属,きんぞく,Metal,4,,,0,00000000,99999999
410,J9FA33990000,金,きん,Gold,4,,,0,00000000,99999999
411,J9FA34000000,金チオ硫酸ナトリウム,きんちおりゅうさんなとりうむ,Sodium gold thiosulfate,3,,,0,00000000,99999999
412,J9FA34110000,銀,ぎん,Silver,4,,,0,00000000,99999999
413,J9FA34120000,銅,どう,Copper,4,,,0,00000000,99999999
414,J9FA34130000,プラチナ,ぷらちな,Platinum,4,,1,0,00000000,99999999
415,J9FA34980000,ニッケル,にっける,Nickel,4,,,0,00000000,99999999
416,J9FA34990000,硫酸ニッケル,りゅうさんにっける,Nickel sulfate,4,,,0,00000000,99999999
417,J9FA35000000,コバルト,こばると,Cobalt,3,,,0,00000000,99999999
418,J9FA35110000,塩化コバルト,えんかこばると,Cobalt chloride,4,,,0,00000000,99999999
419,J9FA35120000,パラジウム,ぱらじうむ,Palladium,4,,1,0,00000000,99999999
420,J9FA35130000,塩化パラジウム,えんかぱらじうむ,Palladium chloride,4,,,0,00000000,99999999
421,J9FA35140000,クロム,くろむ,Chromium,4,,,0,00000000,99999999
422,J9FA35150000,重クロム酸カリウム,じゅうくろむさんかりうむ,Potassium dichromate,4,,1,0,00000000,99999999
423,J9FA35150011,亜鉛,あえん,Zinc,6,,,0,00000000,99999999
424,J9FA35150012,鉄,てつ,Iron,6,,,0,00000000,99999999
425,J9FA35150013,アルミニウム,あるみにうむ,Aluminum,6,,,0,00000000,99999999
426,J9FA35160000,スズ,すず,Tin,4,,,0,00000000,99999999
427,J9FA35170000,マンガン,まんがん,Manganese,4,,,0,00000000,99999999
428,J9FA35180000,インジウム,いんじうむ,Indium,4,,,0,00000000,99999999
429,J9FA35190000,イリジウム,いりじうむ,Iridium,4,,,0,00000000,99999999
430,J9FA35210000,水銀,すいぎん,Mercury,4,,,0,00000000,99999999
431,J9FA35220000,塩化第二水銀,えんかだいにすいぎん,Mercury(II) chloride,4,,,0,00000000,99999999
432,J9FA35230000,チメロサール,ちめろさーる,Thimerosal,4,,,0,00000000,99999999
433,J9FA35240000,タングステン,たんぐすてん,Tungsten,4,,,0,00000000,99999999
434,J9FA35250000,ステンレス,すてんれす,Stainless steel,4,,,0,00000000,99999999
435,J9FA35260000,鉛,なまり,Lead,4,,,0,00000000,99999999
436,J9FA35270000,ヒ素,ひそ,Arsenic,4,,,0,00000000,99999999
437,J9FA35280000,金属（その他）,きんぞく（そのた）,Metal (Other),4,,,0,00000000,99999999
438,J9FA35290000,金属（詳細不明）,きんぞく（しょうさいふめい）,Metal (N.O.S),4,,,0,00000000,99999999
439,J9FA35310000,有機物,ゆうきぶつ,Organic substance,4,,1,0,00000000,99999999
440,J9FA35980000,有機化合物,ゆうきかごうぶつ,Organic compound,4,,,0,00000000,99999999
441,J9FA35990000,エチレンオキサイド,えちれんおきさいど,Ethylene oxide,4,,,0,00000000,99999999
442,J9FA36000000,無水フタル酸,むすいふたるさん,Phthalic anhydride,3,,,0,00000000,99999999
443,J9FA36110000,ホルマリン,ほるまりん,Formalin,4,,,0,00000000,99999999
444,J9FA36120000,殺虫剤,さっちゅうざい,Insecticide,4,,,0,00000000,99999999
445,J9FA36130000,無水ピロメリット酸,むすいぴろめりっとさん,Pyromellitic dianhydride,4,,,0,00000000,99999999
446,J9FA36980000,ラノリンアルコール,らのりんあるこーる,Lanolin alcohol,4,,,0,00000000,99999999
447,J9FA36990000,デキストラン,できすとらん,Dextran,4,,,0,00000000,99999999
448,J9FA37000000,二硫化アリル,にりゅうかありる,Allyl disulfide,3,,,0,00000000,99999999
449,J9FA38000000,セスキテルペンラクトン,せすきてるぺんらくとん,Sesquiterpene lactone,3,,,0,00000000,99999999
450,J9FA38110000,アトラノリン,あとらのりん,Atranorin,4,,,0,00000000,99999999
451,J9FA38120000,エバーエン酸,えばーえんさん,Evernic acid,4,,,0,00000000,99999999
452,J9FA38130000,ウズニック酸,うずにっくさん,Usnic acid,4,,,0,00000000,99999999
453,J9FA38140000,有機化合物（その他）,ゆうきかかごうぶつ（そのた）,Organic compound (Other),4,,,0,00000000,99999999
454,J9FA38150000,有機化合物（詳細不明）,ゆうきかかごうぶつ（しょうさいふめい）,Organic compound (N.O.S),4,,,0,00000000,99999999
455,J9FA38151100,酵素,こうそ,Enzyme,5,,,0,00000000,99999999
456,J9FA38151200,リゾチーム,りぞちーむ,Lysozyme,5,,,0,00000000,99999999
457,J9FA38151300,ジアスターゼ,じあすたーぜ,Diastase,5,,,0,00000000,99999999
458,J9FA38151400,アシル‐CoAオキシダーゼ,あしる-こえーおきしだーぜ,Acyl-CoA oxidase,5,,,0,00000000,99999999
459,J9FA38151500,ペルオキシダーゼ,ペルオキシダーゼ,Peroxidase,5,,,0,00000000,99999999
460,J9FA38151600,脂質輸送たんぱく質（LTP）,ししつゆそうたんぱくしつ（えるてぃーぴー）,Lipid transfer protein (LTP),5,,,0,00000000,99999999
461,J9FA38151700,アリダーゼ,ありだーぜ,Alliinase,5,,,0,00000000,99999999
462,J9FA38151800,アルファアミラーゼ,あるふぁあみらーぜ,Alpha-amylase,5,,,0,00000000,99999999
463,J9FA38151900,キモトリプシン,きもとりぷしん,Chymotrypsin,5,,,0,00000000,99999999
464,J9FA38980000,コカルボキシラーゼ,こかるぼきしらーぜ,Cocarboxylase,4,,,0,00000000,99999999
465,J9FA38990000,デオキシリボヌクレアーゼ,でおきしりぼぬくれあーぜ,Deoxyribonuclease,4,,,0,00000000,99999999
466,J9FB00000000,ディフューシン,でぃふゅーしん,Diffusin,2,1,,0,00000000,99999999
467,J9FB11000000,線維化酵素,せんいかこうそ,Fibrinolytic enzyme,3,1,,0,00000000,99999999
468,J9FB11110000,血栓溶解酵素,けっせんようかいこうそ,Thrombolytic enzyme,4,1,1,0,00000000,99999999
469,J9FB11110011,ヒアルノニダーゼ,ひあるのにだーぜ,Hyaluronidase,6,1,,0,00000000,99999999
470,J9FB11120000,膵臓のデオキシリボヌクレアーゼ,すいぞうのでおきしりぼぬくれあーぜ,Pancreatic deoxyribonuclease,4,1,1,0,00000000,99999999
471,J9FB11120011,ぺニシリナーゼ,ぺにしりなーぜ,Penicillinase,6,,,0,00000000,99999999
472,J9FB11130000,プロナーゼ,ぷろなーぜ,Pronase,4,,,0,00000000,99999999
473,J9FB11130011,セラプターゼ,せらぷたーぜ,Serrapeptase,6,,,0,00000000,99999999
474,J9FB11140000,ストレプトドルナーゼ,すとれぷとどるなーぜ,Streptodornase,4,,,0,00000000,99999999
475,J9FB11140011,スチリンズ,すちりんず,Stilins,6,,,0,00000000,99999999
476,J9FB11150000,トリプシン,とりぷしん,Trypsin,4,,,0,00000000,99999999
477,J9FB11150011,レテプラーゼ,れてぷらーぜ,Reteplase,6,,,0,00000000,99999999
478,J9FB11160000,サルプラーゼ,さるぷらーぜ,Saruplase,4,,,0,00000000,99999999
479,J9FB11160011,ドロトレコジンアルファ (活性化),どろとれこじんあるふぁ（かっせいか）,Drotrecogin alfa (activated),6,,,0,00000000,99999999
480,J9FB11170000,テネクテプラーゼ,てねくてぷらーぜ,Tenecteplase,4,,,0,00000000,99999999
481,J9FB11170011,プロテインC,ぷろていんしー,Protein C,6,,,0,00000000,99999999
482,J9FB11180000,フィブリノリシンおよびデソキシリボヌクレアーゼ,ふぃぶりのりしんおよびでそきしりぼぬくれあーぜ,Fibrinolysin and desoxyribonuclease,4,1,1,0,00000000,99999999
483,J9FB11180011,フィブリノリシン,ふぃぶりのりしん,Fibrinolysin,6,,,0,00000000,99999999
484,J9FB11190000,組織プラスミノーゲン活性化剤,そしきぷらすみのーげんかっせいかざい,Tissue plasminogen activator,4,,,0,00000000,99999999
485,J9FB11190011,酵素（その他）,こうそ（そのた）,Enzyme (Other),6,,,0,00000000,99999999
486,J9FB11210000,酵素（詳細不明）,こうそ（しょうさいふめい）,Enzyme (N.O.S),4,,,0,00000000,99999999
487,J9FB11210011,産業用殺生物剤、切削油,さんぎょうようさつせいぶつざい、せっさくゆ,"Industrial biocide, cutting oil",6,,,0,00000000,99999999
488,J9FB11220000,切削油,せっさくゆ,Cutting oil,4,,,0,00000000,99999999
489,J9FB11220011,ジエタノールアミン,じえたのーるあみん,Diethanolamine,6,,,0,00000000,99999999
490,J9FB11230000,ベンジイソチアゾリノン,べんじいそちあぞりのん,Benzisothiazolinone,4,,,0,00000000,99999999
491,J9FB11230011,メチルオキサゾリジン,めちるおきさぞりじん,Methyloxazolidine,6,,,0,00000000,99999999
492,J9FB11240000,オクチリソチアゾリニ,おくちりそちあぞりに,Octylisothiazolinone,4,,,0,00000000,99999999
493,J9FB11240011,モノエタノールアミン,ものえたのーるあみん,Monoethanolamine,6,,,0,00000000,99999999
494,J9FB11250000,トリエタノールアミン,とりえたのーるあみん,Triethanolamine,4,,,0,00000000,99999999
495,J9FB11250011,産業用殺生物剤、切削油（その他）,さんぎょうようさつせいぶつざい、せっさくゆ（そのた）,"Industrial biocide, cutting oil (Other)",6,,,0,00000000,99999999
496,J9FB11980000,産業用殺生物剤、切削油（詳細不明）,さんぎょうようさつせいぶつざい、せっさくゆ（しょうさいふめい）,"Industrial biocide, cutting oil (N.O.S)",4,,,0,00000000,99999999
497,J9FB11990000,ゴム,ごむ,Rubber,4,,,0,00000000,99999999
498,J9FB12000000,ラテックス（天然ゴム）,らてっくす（てんねんごむ）,Latex (natural rubber),3,1,1,0,00000000,99999999
499,J9FB12000011,ゴム硬化剤,ごむこうかざい,Rubber curing agent,6,,,0,00000000,99999999
500,J9FB12000012,メルカプトベンゾチアゾール,めるかぷとべんぞちあぞーる,Mercaptobenzothiazole,6,,,0,00000000,99999999
501,J9FB12000013,チウラムミックス,ちうらむみっくす,Thiuram mix,6,,1,0,00000000,99999999
502,J9FB12000014,メルカプトミックス,めるかぷとみっくす,Mercapto mix,6,,1,0,00000000,99999999
503,J9FB12000015,カルバミックス,かるばみっくす,Carba mix,6,,1,0,00000000,99999999
504,J9FB12110000,Hev b 6.02（ラテックス由来）,へぶびーろくてんぜろに（らてっくすゆらい）,Hev b 6.02 (latex-derived),4,1,,0,00000000,99999999
505,J9FB12110011,黒色ゴムミックス,こくしょくごむみっくす,Black rubber mix,6,1,1,0,00000000,99999999
506,J9FB12110012,N-シクロヘキシルベンゾチアゾリルスルフェンアミド,えぬ-しくろへきしるべんぞちあぞりるするふぇんあみど,N-cyclohexylbenzothiazolyl sulfenamide,6,,,0,00000000,99999999
507,J9FB12110013,ジベンゾチアジルジスルフィド,じべんぞちあじるじするふぃど,Dibenzothiazyl disulfide,6,,,0,00000000,99999999
508,J9FB12110014,ジペンタメチレンチラムジスルフィド,じぺんためちれんちらむじするふぃど,Dipentamethylene thiuram disulfide,6,,1,0,00000000,99999999
509,J9FB12110015,テトラメチルチウラムジスルフィド,てとらめちるちうらむじするふぃど,Tetramethylthiuram disulfide,6,,,0,00000000,99999999
510,J9FB12110016,テトラメチルチウラムモノスルフィド,てとらめちるちうらむものするふぃど,Tetramethylthiuram monosulfide,6,,,0,00000000,99999999
511,J9FB12110017,メルカプトベンゾチアゾールナトリウム塩,めるかぷとべんぞちあぞーるなとりうむえん,Sodium mercaptobenzothiazole,6,,,0,00000000,99999999
512,J9FB12110018,モルホリルメルカプトベンゾチアゾール,もるほりるめるかぷとべんぞちあぞーる,Morpholinylmercaptobenzothiazole,6,,1,0,00000000,99999999
513,J9FB12110019,ゴム（その他）,ごむ（そのた）,Rubber (Other),6,,1,0,00000000,99999999
514,J9FB12110021,ゴム（詳細不明）,ごむ（しょうさいふめい）,Rubber (N.O.S),6,,,0,00000000,99999999
515,J9FB12110022,樹脂,じゅし,Resin,6,,1,0,00000000,99999999
516,J9FB12110023,ロジン(精製松脂),ろじん（せいせいまつやに）,Rosin (refined pine resin),6,,,0,00000000,99999999
517,J9FB12110024,エポキシ樹脂,えぽきしじゅし,Epoxy resin,6,,,0,00000000,99999999
518,J9FB12110025,ペルーバルサム,ぺるーばるさむ,Peru balsam,6,,,0,00000000,99999999
519,J9FB12110026,p-tert-ブチルフェノールホルムアルデヒド樹脂,ぱら-たーしゃる-ぶちるふぇのーるほるむあるでひどじゅし,p-tert-Butylphenol formaldehyde resin,6,,,0,00000000,99999999
520,J9FB12110027,アクリル樹脂,あくりるじゅし,Acrylic resin,6,,,0,00000000,99999999
521,J9FB12110028,"4,4'-ジアミノジフェニルメタン",よんよんじあみのじふぇにるめたん,"4,4'-Diaminodiphenylmethane",6,1,1,0,00000000,99999999
522,J9FB12110029,エチレンジアミン二塩酸塩,えちれんじあみんふたえんさんえん,Ethylenediamine dihydrochloride,6,,1,0,00000000,99999999
523,J9FB12110031,イソホロンジアミン,いそほろんじあみん,Isophorone diamine,6,1,,0,00000000,99999999
524,J9FB12110032,ジエチレントリアミン,じえちれんとりあみん,Diethylenetriamine,6,,1,0,00000000,99999999
525,J9FB12110033,ヘキサメチレンテトラミン,へきさめちれんてとらみん,Hexamethylenetetramine,6,,,0,00000000,99999999
526,J9FB12110034,トリエチレンテトラミン,とりえちれんてとらみん,Triethylenetetramine,6,,,0,00000000,99999999
527,J9FB12110035,ビスフェノールA,びすふぇのーるえー,Bisphenol A,6,,,0,00000000,99999999
528,J9FB12110036,ビスフェノールA-グリシジルメタクリレート,びすふぇのーるえー-ぐりしじるめたくりれーと,Bisphenol A-glycidyl methacrylate,6,,,0,00000000,99999999
529,J9FB12110037,ブチルグリシジルエーテル,ぶちるぐりしじるえーてる,Butyl glycidyl ether,6,,,0,00000000,99999999
530,J9FB12110039,クレシルグリシジルエーテル,くれしるぐりしじるえーてる,Cresyl glycidyl ether,6,,1,0,00000000,99999999
531,J9FB12110041,フェニルグリシジルエーテル,ふぇにるぐりしじるえーてる,Phenyl glycidyl ether,6,,1,0,00000000,99999999
532,J9FB12110042,ヒドロアビエチルアルコール,ひどろあびえちるあるこーる,Hydroabietyl alcohol,6,,,0,00000000,99999999
533,J9FB12110043,イソフォロン・ジイソシアネート,いそふぉろん・じいそしあねーと,Isophorone diisocyanate,6,,1,0,00000000,99999999
534,J9FB12110044,p-tert-ブチルフェノール,ぱら-たーしゃる-ぶちるふぇのーる,p-tert-butylphenol,6,,1,0,00000000,99999999
535,J9FB12120000,フタル酸ジブチル,ふたるさんじぶちる,Dibutyl phthalate,4,,,0,00000000,99999999
536,J9FB12130000,フタル酸ジエチルヘキシル,ふたるさんじえりつへきしる,Diethylhexyl phthalate,4,,,0,00000000,99999999
537,J9FB12980000,リン酸トリクレジル,りんさんとりくれじる,Tricresyl phosphate,4,1,,0,00000000,99999999
538,J9FB12990000,リン酸トリフェニル,りんさんとりふぇにる,Triphenyl phosphate,4,1,,0,00000000,99999999
539,J9FB13000000,フタル酸ジメチル,ふたるさんじめちる,Dimethyl phthalate,3,1,,0,00000000,99999999
540,J9FB13110000,テレビン油,てれびんゆ,Turpentine oil,4,1,1,0,00000000,99999999
541,J9FB13110011,アビエチン酸,あびえちんさん,Abietic acid,6,1,1,0,00000000,99999999
542,J9FB13110012,樹脂（その他）,じゅし（そのた）,Resin (Other),6,,1,0,00000000,99999999
543,J9FB13110013,樹脂（詳細不明）,じゅし（しょうさいふめい）,Resin (N.O.S),6,1,1,0,00000000,99999999
544,J9FB13110014,防腐剤または殺生物剤,ぼうふざいまたはさつせいぶつざい,Preservative or biocide,6,,,0,00000000,99999999
545,J9FB13120000,"2-ブロモ-2-ニトロプロパン-1,3-ジオール（ブロノポール）","２-ぶろも-2-にとろぷろぱん-1,3-じおーる（ぶろのぽーる）","2-Bromo-2-nitropropane-1,3-diol (Bronopol)",4,,1,0,00000000,99999999
546,J9FB13130000,DMDMヒダントイン,でぃーえむでぃーえむひだんといん,DMDM Hydantoin,4,,1,0,00000000,99999999
547,J9FB13980000,メチルクロロイソチアゾリノンとメチルイソチアゾリニロン,めちるくろろいそちあぞりのんとめちるいそちあぞりにろん,Methylchloroisothiazolinone and methylisothiazolinone,4,1,,0,00000000,99999999
548,J9FB13990000,メチルイソチアゾリニロン,めちるいそちあぞりにろん,Methylisothiazolinone,4,1,,0,00000000,99999999
549,J9FB14000000,メチルジブロモグルタニトリル/フェノキシエタノール,めちるじぶろもぐるたにとりる／ふぇのきしえたのーる,Methyl dibromoglutaronitrile/phenoxyethanol,3,1,1,0,00000000,99999999
550,J9FB14000011,パラオキシ安息香酸メチル,ぱらおきしあんそくこうさんめちる,Methyl p-hydroxybenzoate,6,,1,0,00000000,99999999
551,J9FB14000012,パラオキシ安息香酸エチル,ぱらおきしあんそくこうさんえちる,Ethyl p-hydroxybenzoate,6,,1,0,00000000,99999999
552,J9FC00000000,パラオキシ安息香酸プロピル,ぱらおきしあんそくこうさんぷろぴる,Propyl p-hydroxybenzoate,2,1,,0,00000000,99999999
553,J9FC00000011,パラオキシ安息香酸ブチル,ぱらおきしあんそくこうさんぶちる,Butyl p-hydroxybenzoate,6,,,0,00000000,99999999
554,J9FC00000012,ジアゾリジニル尿素,じあぞりじにるにょうそ,Diazolidinyl urea,6,,1,0,00000000,99999999
555,J9FC11000000,イミダゾリジニル尿素,いみだぞりじにるにょうそ,Imidazolidinyl urea,3,1,,0,00000000,99999999
556,J9FC11000011,フェンティクロル,ふぇんてぃくろる,Fentichlor,6,,,0,00000000,99999999
557,J9FC11000012,防腐剤または殺生物剤（その他）,ぼうふざいまたはさつせいぶつざい（そのた）,Preservative or biocide (Other),6,,,0,00000000,99999999
558,J9FC11110000,防腐剤または殺生物剤（詳細不明）,ぼうふざいまたはさつせいぶつざい（しょうさいふめい）,Preservative or biocide (N.O.S),4,,,0,00000000,99999999
559,J9FC11111100,染料,せんりょう,Dye,5,,,0,00000000,99999999
560,J9FC11111200,化学物質,かがくぶっしつ,Chemical,5,,,0,00000000,99999999
561,J9FC11111300,イソシアネート,いそしあねーと,Isocyanate,5,,,0,00000000,99999999
562,J9FC11111400,イソシアネート TDI,いそしあねーと　てぃーでぃーあい,Isocyanate TDI,5,,,0,00000000,99999999
563,J9FC11111500,イソシアネート MDI,いそしあねーと　えむでぃーあい,Isocyanate MDI,5,,,0,00000000,99999999
564,J9FC11120000,イソシアネート HDI,いそしあねーと　えいちでぃーあい,Isocyanate HDI,4,,,0,00000000,99999999
565,J9FC11130000,イソシアネート（その他）,いそしあねーと（そのた）,Isocyanate (Other),4,,,0,00000000,99999999
566,J9FC11140000,イソシアネート（詳細不明）,いそしあねーと（しょうさいふめい）,Isocyanate (N.O.S),4,,,0,00000000,99999999
567,J9FC11150000,ピキア,ぴきあ,Pichia,4,,,0,00000000,99999999
568,J9FC11151100,ピキア精製酵母成分,ぴきあせいせいこうぼせいぶん,Pichia Refined yeast component,5,,,0,00000000,99999999
569,J9FC11151200,ピキア粗抽出物,ぴきあそちゅうしゅつぶつ,Pichia crude extract,5,,,0,00000000,99999999
570,J9FC11151300,ピキア培養上清,ぴきあばいようじょうせい,Pichia culture supernatant,5,,,0,00000000,99999999
571,J9FC11151400,ピキア（その他）,ぴきあ（そのた）,Pichia (Other),5,,,0,00000000,99999999
572,J9FC11160000,ピキア（詳細不明）,ぴきあ（しょうさいふめい）,Pichia (N.O.S),4,,,0,00000000,99999999
573,J9FC11170000,その他の化学物質,そのたのかがくぶっしつ,Other chemical,4,,,0,00000000,99999999
574,J9FC11180000,セメント,せめんと,Cement,4,,,0,00000000,99999999
575,J9FC11190000,過酸化水素,かさんかすいそ,Hydrogen peroxide,4,,,0,00000000,99999999
576,J9FC11210000,カインミックス,かいんみっくす,Caine mix,4,,,0,00000000,99999999
577,J9FC11220000,パラベンミックス,ぱらべんみっくす,Paraben mix,4,,,0,00000000,99999999
578,J9FC11230000,イソチアゾリノンミックス,いそちあぞりのんみっくす,Isothiazolinone mix,4,,,0,00000000,99999999
579,J9FC11240000,キチン・キトサン,きちん・きとさん,Chitin/Chitosan,4,1,1,0,00000000,99999999
580,J9FC11241100,その他の化学物質（その他）,そのたのかがくぶっしつ（そのた）,Other chemical (Other),5,,,0,00000000,99999999
581,J9FC11241200,その他の化学物質（詳細不明）,そのたのかがくぶっしつ（しょうさいふめい）,Other chemical (N.O.S),5,,,0,00000000,99999999
582,J9FC11241300,生体由来,せいたいゆらい,Derived from living organism,5,,,0,00000000,99999999
583,J9FC11241400,ヒト由来,ひとゆらい,Human-derived,5,,,0,00000000,99999999
584,J9FC11241500,ヒトインスリン,ひといんすりんん,Human insulin,5,,,0,00000000,99999999
585,J9FC11241600,ヒト汗,ひとあせ,Human sweat,5,,,0,00000000,99999999
586,J9FC11250000,ヒトセミナルプラズマ,ひとせみなるぷらずま,Human seminal plasma,4,,,0,00000000,99999999
587,J9FC11251100,ヒト由来（その他）,ひとゆらい（そのた）,Human-derived (Other),5,,,0,00000000,99999999
588,J9FC11260000,ヒト由来（詳細不明）,ひとゆらい（しょうさいふめい）,Human-derived (N.O.S),4,1,1,0,00000000,99999999
589,J9FC11260011,医療材料,いりょうざいりょう,Medical material,6,,,0,00000000,99999999
590,J9FC11260012,生体材料,せいたいざいりょう,Biomaterial,6,,,0,00000000,99999999
591,J9FC11261100,アルコール（食物以外）,あるこーる（しょくもついがい）,Alcohol (other than food),5,,,0,00000000,99999999
592,J9FC11261200,アルコール,あるこーる,Alcohol,5,,,0,00000000,99999999
593,J9FC11261300,エタノール,えたのーる,Ethanol,5,,,0,00000000,99999999
594,J9FC11261400,エタノール消毒剤,えたのーるしょうどくざい,Ethanol disinfectant,5,,,0,00000000,99999999
595,J9FC11261500,メタノール,めたのーる,Methanol,5,,,0,00000000,99999999
596,J9FC11270000,プロパノール,ぷろぱのーる,Propanol,4,,,0,00000000,99999999
597,J9FC11271100,プロパノール消毒剤,ぷろぱのーるしょうどくえき,Propanol disinfectant,5,,,0,00000000,99999999
598,J9FC11271111,グリセリン,ぐりせりん,Glycerin,6,,,0,00000000,99999999
599,J9FC11271200,アルコール（その他）,あるこーる（そのた）,Alcohol (Other),5,,,0,00000000,99999999
600,J9FC11271211,アルコール（詳細不明）,あるこーる（しょうさいふめい）,Alcohol (N.O.S),6,,,0,00000000,99999999
601,J9FC11280000,添加物,てんかぶつ,Additive,4,,,0,00000000,99999999
602,J9FC11280011,酸化防止剤,さんかぼうしざい,Antioxidant,6,,,0,00000000,99999999
603,J9FC11281100,ブチルヒドロキシアニソール,ぶちるひどろきしあにそーる,Butylated hydroxyanisole,5,,,0,00000000,99999999
604,J9FC11281200,ブチル化ヒドロキシトルエン,ぶちるかひどろきしとるえん,Butylated hydroxytoluene,5,,,0,00000000,99999999
605,J9FC11281300,没食子酸オクチル,もっしょくしさんおくちる,Octyl gallate,5,,,0,00000000,99999999
606,J9FC11281400,ピロ亜硫酸ナトリウム,ぴろありゅうさんなとりうむ,Sodium pyrosulfite,5,,,0,00000000,99999999
607,J9FC11281500,酸化防止剤（その他）,てんかぶつ（そのた）,Antioxidant (Other),5,,,0,00000000,99999999
608,J9FC11290000,酸化防止剤（詳細不明）,てんかぶつ（しょうさいふめい）,Antioxidant (N.O.S),4,,,0,00000000,99999999
609,J9FC11291100,,,,5,,,0,00000000,99999999
610,J9FC11291200,,,,5,,,0,00000000,99999999
611,J9FC11291300,,,,5,,,0,00000000,99999999
612,J9FC11291400,,,,5,,,0,00000000,99999999
613,J9FC11291500,,,,5,,,0,00000000,99999999
614,J9FC11310000,,,,4,1,1,0,00000000,99999999
615,J9FC11310011,,,,6,,,0,00000000,99999999
616,J9FC11311100,,,,5,,,0,00000000,99999999
617,J9FC11311200,,,,5,,,0,00000000,99999999
618,J9FC11320000,,,,4,,,0,00000000,99999999
619,J9FC11330000,,,,4,1,,0,00000000,99999999
620,J9FC11340000,,,,4,,,0,00000000,99999999
621,J9FC11340011,,,,6,,,0,00000000,99999999
622,J9FC11341100,,,,5,,,0,00000000,99999999
623,J9FC11341200,,,,5,,,0,00000000,99999999
624,J9FC11341300,,,,5,,,0,00000000,99999999
625,J9FC11350000,,,,4,1,,0,00000000,99999999
626,J9FC11351100,,,,5,,,0,00000000,99999999
627,J9FC11351200,,,,5,,,0,00000000,99999999
628,J9FC11351300,,,,5,,,0,00000000,99999999
629,J9FC11360000,,,,4,,,0,00000000,99999999
630,J9FC11370000,,,,4,,,0,00000000,99999999
631,J9FC11380000,,,,4,,,0,00000000,99999999
632,J9FC11390000,,,,4,1,,0,00000000,99999999
633,J9FC11391100,,,,5,,,0,00000000,99999999
634,J9FC11391200,,,,5,,,0,00000000,99999999
635,J9FC11391300,,,,5,,,0,00000000,99999999
636,J9FC11391400,,,,5,,,0,00000000,99999999
637,J9FC11410000,,,,4,1,,0,00000000,99999999
638,J9FC11411100,,,,5,,,0,00000000,99999999
639,J9FC11411200,,,,5,,,0,00000000,99999999
640,J9FC11411300,,,,5,,,0,00000000,99999999
641,J9FC11411400,,,,5,,,0,00000000,99999999
642,J9FC11411500,,,,5,,,0,00000000,99999999
643,J9FC11411600,,,,5,,,0,00000000,99999999
644,J9FC11411700,,,,5,,,0,00000000,99999999
645,J9FC11411800,,,,5,,,0,00000000,99999999
646,J9FC11411900,,,,5,,,0,00000000,99999999
647,J9FC11412100,,,,5,,,0,00000000,99999999
648,J9FC11412200,,,,5,,,0,00000000,99999999
649,J9FC11412300,,,,5,,,0,00000000,99999999
650,J9FC11420000,,,,4,,,0,00000000,99999999
651,J9FC11430000,,,,4,,,0,00000000,99999999
652,J9FC11431100,,,,5,,,0,00000000,99999999
653,J9FC11431200,,,,5,,,0,00000000,99999999
654,J9FC11431300,,,,5,,,0,00000000,99999999
655,J9FC11431400,,,,5,,,0,00000000,99999999
656,J9FC11431500,,,,5,,,0,00000000,99999999
657,J9FC11431600,,,,5,,,0,00000000,99999999
658,J9FC11431700,,,,5,,,0,00000000,99999999
659,J9FC11431800,,,,5,,,0,00000000,99999999
660,J9FC11431900,,,,5,,,0,00000000,99999999
661,J9FC11432100,,,,5,,,0,00000000,99999999
662,J9FC11440000,,,,4,,,0,00000000,99999999
663,J9FC11441100,,,,5,,,0,00000000,99999999
664,J9FC11441200,,,,5,,,0,00000000,99999999
665,J9FC11441300,,,,5,,,0,00000000,99999999
666,J9FC11450000,,,,4,,,0,00000000,99999999
667,J9FC11451100,,,,5,,,0,00000000,99999999
668,J9FC11451200,,,,5,,,0,00000000,99999999
669,J9FC11451300,,,,5,,,0,00000000,99999999
670,J9FC11460000,,,,4,,,0,00000000,99999999
671,J9FC11461100,,,,5,,,0,00000000,99999999
672,J9FC11461200,,,,5,,,0,00000000,99999999
673,J9FC11461300,,,,5,,,0,00000000,99999999
674,J9FC11461400,,,,5,,,0,00000000,99999999
675,J9FC11470000,,,,4,,,0,00000000,99999999
676,J9FC11471100,,,,5,,,0,00000000,99999999
677,J9FC11471200,,,,5,,,0,00000000,99999999
678,J9FC11471300,,,,5,,,0,00000000,99999999
679,J9FC11471400,,,,5,,,0,00000000,99999999
680,J9FC11471500,,,,5,,,0,00000000,99999999
681,J9FC11471600,,,,5,,,0,00000000,99999999
682,J9FC11471700,,,,5,,,0,00000000,99999999
683,J9FC11471800,,,,5,,,0,00000000,99999999
684,J9FC11480000,,,,4,,,0,00000000,99999999
685,J9FC11481100,,,,5,,,0,00000000,99999999
686,J9FC11490000,,,,4,,,0,00000000,99999999
687,J9FC11510000,,,,4,,,0,00000000,99999999
688,J9FC11520000,,,,4,,,0,00000000,99999999
689,J9FC11520011,,,,6,,,0,00000000,99999999
690,J9FC11530000,,,,4,,,0,00000000,99999999
691,J9FC11540000,,,,4,,,0,00000000,99999999
692,J9FC11550000,,,,4,,,0,00000000,99999999
693,J9FC11560000,,,,4,,,0,00000000,99999999
694,J9FC11570000,,,,4,,,0,00000000,99999999
695,J9FC11580000,,,,4,,,0,00000000,99999999
696,J9FC11590000,,,,4,,,0,00000000,99999999
697,J9FC11610000,,,,4,,,0,00000000,99999999
698,J9FC11620000,,,,4,,,0,00000000,99999999
699,J9FC11630000,,,,4,,,0,00000000,99999999
700,J9FC11640000,,,,4,,,0,00000000,99999999
701,J9FC11650000,,,,4,,,0,00000000,99999999
702,J9FC11660000,,,,4,,,0,00000000,99999999
703,J9FC11670000,,,,4,,,0,00000000,99999999
704,J9FC11680000,,,,4,,,0,00000000,99999999
705,J9FC11690000,,,,4,,,0,00000000,99999999
706,J9FC11710000,,,,4,,,0,00000000,99999999
707,J9FC11720000,,,,4,,,0,00000000,99999999
708,J9FC11730000,,,,4,,,0,00000000,99999999
709,J9FC11980000,,,,4,1,,0,00000000,99999999
710,J9FC11990000,,,,4,1,,0,00000000,99999999
711,J9FC12000000,,,,3,1,1,0,00000000,99999999
712,J9FC12110000,,,,4,,,0,00000000,99999999
713,J9FC12120000,,,,4,,,0,00000000,99999999
714,J9FC12130000,,,,4,,,0,00000000,99999999
715,J9FC12131100,,,,5,,,0,00000000,99999999
716,J9FC12131200,,,,5,,,0,00000000,99999999
717,J9FC12140000,,,,4,,,0,00000000,99999999
718,J9FC12150000,,,,4,,,0,00000000,99999999
719,J9FC12160000,,,,4,1,,0,00000000,99999999
720,J9FC12170000,,,,4,1,,0,00000000,99999999
721,J9FC12180000,,,,4,,,0,00000000,99999999
722,J9FC12181100,,,,5,,,0,00000000,99999999
723,J9FC12181200,,,,5,,,0,00000000,99999999
724,J9FC12181300,,,,5,,,0,00000000,99999999
725,J9FC12190000,,,,4,1,1,0,00000000,99999999
726,J9FC12191100,,,,5,,,0,00000000,99999999
727,J9FC12210000,,,,4,,,0,00000000,99999999
728,J9FC12220000,,,,4,,,0,00000000,99999999
729,J9FC12221100,,,,5,,,0,00000000,99999999
730,J9FC12230000,,,,4,,,0,00000000,99999999
731,J9FC12240000,,,,4,,,0,00000000,99999999
732,J9FC12250000,,,,4,,,0,00000000,99999999
733,J9FC12260000,,,,4,,,0,00000000,99999999
734,J9FC12980000,,,,4,1,,0,00000000,99999999
735,J9FC12990000,,,,4,1,,0,00000000,99999999
736,J9FC13000000,,,,3,1,1,0,00000000,99999999
737,J9FC13110000,,,,4,,,0,00000000,99999999
738,J9FC13120000,,,,4,,,0,00000000,99999999
739,J9FC13130000,,,,4,,,0,00000000,99999999
740,J9FC13131100,,,,5,,,0,00000000,99999999
741,J9FC13131200,,,,5,,,0,00000000,99999999
742,J9FC13131300,,,,5,,,0,00000000,99999999
743,J9FC13140000,,,,4,,,0,00000000,99999999
744,J9FC13141100,,,,5,,,0,00000000,99999999
745,J9FC13141200,,,,5,,,0,00000000,99999999
746,J9FC13141300,,,,5,,,0,00000000,99999999
747,J9FC13150000,,,,4,,,0,00000000,99999999
748,J9FC13160000,,,,4,,,0,00000000,99999999
749,J9FC13170000,,,,4,,,0,00000000,99999999
750,J9FC13980000,,,,4,,,0,00000000,99999999
751,J9FC13990000,,,,4,,,0,00000000,99999999
752,J9FC14000000,,,,3,1,,0,00000000,99999999
753,J9FC14110000,,,,4,,,0,00000000,99999999
754,J9FC14120000,,,,4,,,0,00000000,99999999
755,J9FC14130000,,,,4,,,0,00000000,99999999
756,J9FC14140000,,,,4,,,0,00000000,99999999
757,J9FC14980000,,,,4,,,0,00000000,99999999
758,J9FC14990000,,,,4,,,0,00000000,99999999
759,J9FC15000000,,,,3,1,1,0,00000000,99999999
760,J9FC15110000,,,,4,1,1,0,00000000,99999999
761,J9FC15111100,,,,5,,,0,00000000,99999999
762,J9FC15111200,,,,5,,,0,00000000,99999999
763,J9FC15111300,,,,5,,,0,00000000,99999999
764,J9FC15111400,,,,5,,,0,00000000,99999999
765,J9FC15111500,,,,5,,,0,00000000,99999999
766,J9FC15111600,,,,5,,,0,00000000,99999999
767,J9FC15111700,,,,5,,,0,00000000,99999999
768,J9FC15111800,,,,5,,1,0,00000000,99999999
769,J9FC15111900,,,,5,,,0,00000000,99999999
770,J9FC15112100,,,,5,,,0,00000000,99999999
771,J9FC15112200,,,,5,,,0,00000000,99999999
772,J9FC15112300,,,,5,,,0,00000000,99999999
773,J9FC15112400,,,,5,,,0,00000000,99999999
774,J9FC15112500,,,,5,,,0,00000000,99999999
775,J9FC15112600,,,,5,,,0,00000000,99999999
776,J9FC15112700,,,,5,,,0,00000000,99999999
777,J9FC15112800,,,,5,,,0,00000000,99999999
778,J9FC15120000,,,,4,1,1,0,00000000,99999999
779,J9FC15121100,,,,5,,,0,00000000,99999999
780,J9FC15121200,,,,5,,,0,00000000,99999999
781,J9FC15121211,,,,6,,1,0,00000000,99999999
782,J9FC15121300,,,,5,,,0,00000000,99999999
783,J9FC15121400,,,,5,,,0,00000000,99999999
784,J9FC15121500,,,,5,,,0,00000000,99999999
785,J9FC15121600,,,,5,,,0,00000000,99999999
786,J9FC15121700,,,,5,,,0,00000000,99999999
787,J9FC15121800,,,,5,,,0,00000000,99999999
788,J9FC15121900,,,,5,,1,0,00000000,99999999
789,J9FC15130000,,,,4,,,0,00000000,99999999
790,J9FC15140000,,,,4,,,0,00000000,99999999
791,J9FC15150000,,,,4,,,0,00000000,99999999
792,J9FC15980000,,,,4,1,,0,00000000,99999999
793,J9FC15990000,,,,4,1,,0,00000000,99999999
794,J9FC16000000,,,,3,,,0,00000000,99999999
795,J9FC16110000,,,,4,,,0,00000000,99999999
796,J9FC16120000,,,,4,,,0,00000000,99999999
797,J9FC16130000,,,,4,,,0,00000000,99999999
798,J9FC16140000,,,,4,,,0,00000000,99999999
799,J9FC16150000,,,,4,,,0,00000000,99999999
800,J9FC16980000,,,,4,,,0,00000000,99999999
801,J9FC16990000,,,,4,,,0,00000000,99999999
802,J9FC17000000,,,,3,,,0,00000000,99999999
803,J9FC17110000,,,,4,,,0,00000000,99999999
804,J9FC17120000,,,,4,,,0,00000000,99999999
805,J9FC17980000,,,,4,,,0,00000000,99999999
806,J9FC17990000,,,,4,,,0,00000000,99999999
807,J9FC18000000,,,,3,,,0,00000000,99999999
808,J9FC18110000,,,,4,,,0,00000000,99999999
809,J9FC18111100,,,,5,,,0,00000000,99999999
810,J9FC18111200,,,,5,,,0,00000000,99999999
811,J9FC18120000,,,,4,,,0,00000000,99999999
812,J9FC18130000,,,,4,,,0,00000000,99999999
813,J9FC18131100,,,,5,,,0,00000000,99999999
814,J9FC18980000,,,,4,,,0,00000000,99999999
815,J9FC18990000,,,,4,,,0,00000000,99999999
816,J9FC19000000,,,,3,,,0,00000000,99999999
817,J9FC19110000,,,,4,,,0,00000000,99999999
818,J9FC19120000,,,,4,,,0,00000000,99999999
819,J9FC19980000,,,,4,,,0,00000000,99999999
820,J9FC19990000,,,,4,,,0,00000000,99999999
821,J9FC21000000,,,,3,,1,0,00000000,99999999
822,J9FC22000000,,,,3,,,0,00000000,99999999
823,J9FC23000000,,,,3,,1,0,00000000,99999999
824,J9FC24000000,,,,3,,,0,00000000,99999999
825,J9FC24110000,,,,4,,,0,00000000,99999999
826,J9FC24120000,,,,4,,,0,00000000,99999999
827,J9FC24130000,,,,4,,,0,00000000,99999999
828,J9FC24140000,,,,4,,,0,00000000,99999999
829,J9FC24150000,,,,4,,,0,00000000,99999999
830,J9FC24160000,,,,4,,,0,00000000,99999999
831,J9FC24170000,,,,4,,,0,00000000,99999999
832,J9FC24980000,,,,4,,,0,00000000,99999999
833,J9FC24990000,,,,4,,,0,00000000,99999999
834,J9FC25000000,,,,3,,,0,00000000,99999999
835,J9FC25110000,,,,4,,,0,00000000,99999999
836,J9FC25120000,,,,4,,,0,00000000,99999999
837,J9FC25130000,,,,4,,,0,00000000,99999999
838,J9FC25980000,,,,4,,,0,00000000,99999999
839,J9FC25990000,,,,4,,,0,00000000,99999999
840,J9FC26000000,,,,3,1,,0,00000000,99999999
841,J9FC26110000,,,,4,1,,0,00000000,99999999
842,J9FC26110011,,,,6,,,0,00000000,99999999
843,J9FC26111100,,,,5,,,0,00000000,99999999
844,J9FC26111200,,,,5,,,0,00000000,99999999
845,J9FC26120000,,,,4,1,,0,00000000,99999999
846,J9FC26130000,,,,4,1,,0,00000000,99999999
847,J9FC26140000,,,,4,,,0,00000000,99999999
848,J9FC26150000,,,,4,,,0,00000000,99999999
849,J9FC26150011,,,,6,,,0,00000000,99999999
850,J9FC26160000,,,,4,,,0,00000000,99999999
851,J9FC26170000,,,,4,,,0,00000000,99999999
852,J9FC26180000,,,,4,,,0,00000000,99999999
853,J9FC26190000,,,,4,,,0,00000000,99999999
854,J9FC26210000,,,,4,,,0,00000000,99999999
855,J9FC26220000,,,,4,,,0,00000000,99999999
856,J9FC26230000,,,,4,,,0,00000000,99999999
857,J9FC26240000,,,,4,,,0,00000000,99999999
858,J9FC26250000,,,,4,,,0,00000000,99999999
859,J9FC26260000,,,,4,,,0,00000000,99999999
860,J9FC26980000,,,,4,1,,0,00000000,99999999
861,J9FC26990000,,,,4,1,,0,00000000,99999999
862,J9FC27000000,,,,3,,,0,00000000,99999999
863,J9FC28000000,,,,3,1,1,0,00000000,99999999
864,J9FC28110000,,,,4,,1,0,00000000,99999999
865,J9FC28120000,,,,4,,,0,00000000,99999999
866,J9FC28130000,,,,4,,1,0,00000000,99999999
867,J9FC28140000,,,,4,,,0,00000000,99999999
868,J9FC28150000,,,,4,,1,0,00000000,99999999
869,J9FC28160000,,,,4,,,0,00000000,99999999
870,J9FC28980000,,,,4,,,0,00000000,99999999
871,J9FC28990000,,,,4,,,0,00000000,99999999
872,J9FD00000000,,,,2,1,,0,00000000,99999999
873,J9FD11000000,,,,3,,,0,00000000,99999999
874,J9FD11110000,,,,4,,,0,00000000,99999999
875,J9FD11120000,,,,4,,,0,00000000,99999999
876,J9FD11130000,,,,4,,,0,00000000,99999999
877,J9FD11140000,,,,4,,,0,00000000,99999999
878,J9FD11150000,,,,4,,,0,00000000,99999999
879,J9FD11160000,,,,4,,,0,00000000,99999999
880,J9FD11170000,,,,4,,,0,00000000,99999999
881,J9FD11180000,,,,4,,,0,00000000,99999999
882,J9FD11190000,,,,4,,,0,00000000,99999999
883,J9FD11980000,,,,4,,,0,00000000,99999999
884,J9FD11990000,,,,4,,,0,00000000,99999999
885,J9FD12000000,,,,3,,,0,00000000,99999999
886,J9FD12110000,,,,4,,,0,00000000,99999999
887,J9FD12120000,,,,4,,,0,00000000,99999999
888,J9FD12980000,,,,4,,,0,00000000,99999999
889,J9FD12990000,,,,4,,,0,00000000,99999999
890,J9FD13000000,,,,3,,,0,00000000,99999999
891,J9FD13110000,,,,4,,,0,00000000,99999999
892,J9FD13120000,,,,4,,,0,00000000,99999999
893,J9FD13130000,,,,4,,,0,00000000,99999999
894,J9FD13980000,,,,4,,,0,00000000,99999999
895,J9FD13990000,,,,4,,,0,00000000,99999999
896,J9FD14000000,,,,3,1,1,0,00000000,99999999
897,J9FD14110000,,,,4,,,0,00000000,99999999
898,J9FD14120000,,,,4,,,0,00000000,99999999
899,J9FD14130000,,,,4,,,0,00000000,99999999
900,J9FD14140000,,,,4,,,0,00000000,99999999
901,J9FD14150000,,,,4,,,0,00000000,99999999
902,J9FD14160000,,,,4,,,0,00000000,99999999
903,J9FD14980000,,,,4,,,0,00000000,99999999
904,J9FD14990000,,,,4,,,0,00000000,99999999
905,J9FD15000000,,,,3,,,0,00000000,99999999
906,J9FD15110000,,,,4,,,0,00000000,99999999
907,J9FD15120000,,,,4,,,0,00000000,99999999
908,J9FD15130000,,,,4,,,0,00000000,99999999
909,J9FD15980000,,,,4,,,0,00000000,99999999
910,J9FD15990000,,,,4,,,0,00000000,99999999
911,J9FD16000000,,,,3,,,0,00000000,99999999
912,J9FD16000011,,,,6,,,0,00000000,99999999
913,J9FD16110000,,,,4,,,0,00000000,99999999
914,J9FD16120000,,,,4,,,0,00000000,99999999
915,J9FD16130000,,,,4,,,0,00000000,99999999
916,J9FD16140000,,,,4,,,0,00000000,99999999
917,J9FD16980000,,,,4,,,0,00000000,99999999
918,J9FD16990000,,,,4,,,0,00000000,99999999
919,J9FD17000000,,,,3,,,0,00000000,99999999
920,J9FD17110000,,,,4,,,0,00000000,99999999
921,J9FD17120000,,,,4,,,0,00000000,99999999
922,J9FD17130000,,,,4,,,0,00000000,99999999
923,J9FD17980000,,,,4,,,0,00000000,99999999
924,J9FD17990000,,,,4,,,0,00000000,99999999
925,J9FD18000000,,,,3,,,0,00000000,99999999
926,J9FD18110000,,,,4,,,0,00000000,99999999
927,J9FD18111100,,,,5,,,0,00000000,99999999
928,J9FD18111200,,,,5,,,0,00000000,99999999
929,J9FD18111300,,,,5,,,0,00000000,99999999
930,J9FD18111500,,,,5,,,0,00000000,99999999
931,J9FD18120000,,,,4,,,0,00000000,99999999
932,J9FD18121100,,,,5,,,0,00000000,99999999
933,J9FD18130000,,,,4,,,0,00000000,99999999
934,J9FD18131100,,,,5,,,0,00000000,99999999
935,J9FD18131200,,,,5,,,0,00000000,99999999
936,J9FD18140000,,,,4,,,0,00000000,99999999
937,J9FD18141100,,,,5,,,0,00000000,99999999
938,J9FD18150000,,,,4,,,0,00000000,99999999
939,J9FD18151100,,,,5,,,0,00000000,99999999
940,J9FD18151200,,,,5,,,0,00000000,99999999
941,J9FD18151300,,,,5,,,0,00000000,99999999
942,J9FD18151400,,,,5,,,0,00000000,99999999
943,J9FD18151500,,,,5,,,0,00000000,99999999
944,J9FD18151600,,,,5,,,0,00000000,99999999
945,J9FD18160000,,,,4,,,0,00000000,99999999
946,J9FD18170000,,,,4,,,0,00000000,99999999
947,J9FD18171100,,,,5,,,0,00000000,99999999
948,J9FD18180000,,,,4,,,0,00000000,99999999
949,J9FD18190000,,,,4,,,0,00000000,99999999
950,J9FD18191100,,,,5,,,0,00000000,99999999
951,J9FD18210000,,,,4,,,0,00000000,99999999
952,J9FD18220000,,,,4,,,0,00000000,99999999
953,J9FD18230000,,,,4,,,0,00000000,99999999
954,J9FD18231100,,,,5,,,0,00000000,99999999
955,J9FD18231200,,,,5,,,0,00000000,99999999
956,J9FD18240000,,,,4,,,0,00000000,99999999
957,J9FD18250000,,,,4,,,0,00000000,99999999
958,J9FD18260000,,,,4,,,0,00000000,99999999
959,J9FD18270000,,,,4,,,0,00000000,99999999
960,J9FD18271100,,,,5,,,0,00000000,99999999
961,J9FD18280000,,,,4,,,0,00000000,99999999
962,J9FD18290000,,,,4,,,0,00000000,99999999
963,J9FD18980000,,,,4,,,0,00000000,99999999
964,J9FD18990000,,,,4,,,0,00000000,99999999
965,J9FE00000000,,,,2,,,0,00000000,99999999
966,J9FE11000000,,,,3,,,0,00000000,99999999
967,J9FE11110000,,,,4,,,0,00000000,99999999
968,J9FE11120000,,,,4,,,0,00000000,99999999
969,J9FE11130000,,,,4,,,0,00000000,99999999
970,J9FE11980000,,,,4,,,0,00000000,99999999
971,J9FE11990000,,,,4,,,0,00000000,99999999
972,J9FF00000000,,,,2,,,0,00000000,99999999
973,J9FF11000000,,,,3,,,0,00000000,99999999
974,J9FF11110000,,,,4,,,0,00000000,99999999
975,J9FF11120000,,,,4,,,0,00000000,99999999
976,J9FF11130000,,,,4,,,0,00000000,99999999
977,J9FF11140000,,,,4,,,0,00000000,99999999
978,J9FF11150000,,,,4,,,0,00000000,99999999
979,J9FF11160000,,,,4,,,0,00000000,99999999
980,J9FF11170000,,,,4,,,0,00000000,99999999
981,J9FF11171100,,,,5,,,0,00000000,99999999
982,J9FF11980000,,,,4,,,0,00000000,99999999
983,J9FF11990000,,,,4,,,0,00000000,99999999
984,J9FG00000000,,,,2,,,0,00000000,99999999
985,J9FG11000000,,,,3,,,0,00000000,99999999
986,J9FG11110000,,,,4,,,0,00000000,99999999
987,J9FG11120000,,,,4,,1,0,00000000,99999999
988,J9FG11130000,,,,4,,1,0,00000000,99999999
989,J9FG11140000,,,,4,,,0,00000000,99999999
990,J9FG11150000,,,,4,,,0,00000000,99999999
991,J9FG11160000,,,,4,,,0,00000000,99999999
992,J9FG11170000,,,,4,,1,0,00000000,99999999
993,J9FG11180000,,,,4,,,0,00000000,99999999
994,J9FG11190000,,,,4,,,0,00000000,99999999
995,J9FG11210000,,,,4,,,0,00000000,99999999
996,J9FG11220000,,,,4,,,0,00000000,99999999
997,J9FG11980000,,,,4,,,0,00000000,99999999
998,J9FG11990000,,,,4,,,0,00000000,99999999
999,J9FG12000000,,,,3,,,0,00000000,99999999
1000,J9FG12110000,,,,4,,,0,00000000,99999999
1001,J9FG12120000,,,,4,,,0,00000000,99999999
1002,J9FG12980000,,,,4,,,0,00000000,99999999
1003,J9FG12990000,,,,4,,,0,00000000,99999999
1004,J9FG13000000,,,,3,,,0,00000000,99999999
1005,J9FG13110000,,,,4,,,0,00000000,99999999
1006,J9FG13111100,,,,5,,,0,00000000,99999999
1007,J9FG13111200,,,,5,,,0,00000000,99999999
1008,J9FG13111300,,,,5,,,0,00000000,99999999
1009,J9FG13111400,,,,5,,,0,00000000,99999999
1010,J9FG13120000,,,,4,,,0,00000000,99999999
1011,J9FG13121100,,,,5,,,0,00000000,99999999
1012,J9FG13130000,,,,4,,,0,00000000,99999999
1013,J9FG13131100,,,,5,,,0,00000000,99999999
1014,J9FG13131200,,,,5,,,0,00000000,99999999
1015,J9FG13980000,,,,4,,,0,00000000,99999999
1016,J9FG13990000,,,,4,,,0,00000000,99999999
1017,J9FG14000000,,,,3,,,0,00000000,99999999
1018,J9FG14110000,,,,4,,,0,00000000,99999999
1019,J9FG14120000,,,,4,,,0,00000000,99999999
1020,J9FG14130000,,,,4,,,0,00000000,99999999
1021,J9FG14140000,,,,4,,,0,00000000,99999999
1022,J9FG14150000,,,,4,,,0,00000000,99999999
1023,J9FG14160000,,,,4,,,0,00000000,99999999
1024,J9FG14170000,,,,4,,,0,00000000,99999999
1025,J9FG14980000,,,,4,,,0,00000000,99999999
1026,J9FG14990000,,,,4,,,0,00000000,99999999
1027,J9FG15000000,,,,3,,,0,00000000,99999999
1028,J9FG15110000,,,,4,,,0,00000000,99999999
1029,J9FG15120000,,,,4,,,0,00000000,99999999
1030,J9FG15130000,,,,4,,,0,00000000,99999999
1031,J9FG15140000,,,,4,,,0,00000000,99999999
1032,J9FG15150000,,,,4,,,0,00000000,99999999
1033,J9FG15160000,,,,4,,,0,00000000,99999999
1034,J9FG15170000,,,,4,,,0,00000000,99999999
1035,J9FG15180000,,,,4,,,0,00000000,99999999
1036,J9FG15980000,,,,4,,,0,00000000,99999999
1037,J9FG15990000,,,,4,,,0,00000000,99999999
1038,J9FG16000000,,,,3,,,0,00000000,99999999
1039,J9FG16110000,,,,4,,,0,00000000,99999999
1040,J9FG16120000,,,,4,,,0,00000000,99999999
1041,J9FG16130000,,,,4,,,0,00000000,99999999
1042,J9FG16980000,,,,4,,,0,00000000,99999999
1043,J9FG16990000,,,,4,,,0,00000000,99999999
1044,J9FG17000000,,,,3,,,0,00000000,99999999
1045,J9FG17110000,,,,4,,,0,00000000,99999999
1046,J9FG17120000,,,,4,,,0,00000000,99999999
1047,J9FG17130000,,,,4,,,0,00000000,99999999
1048,J9FG17140000,,,,4,,,0,00000000,99999999
1049,J9FG17150000,,,,4,,,0,00000000,99999999
1050,J9FG17160000,,,,4,,,0,00000000,99999999
1051,J9FG17170000,,,,4,,,0,00000000,99999999
1052,J9FG17980000,,,,4,,,0,00000000,99999999
1053,J9FG17990000,,,,4,,,0,00000000,99999999
1054,J9FG18000000,,,,3,,,0,00000000,99999999
1055,J9FG18110000,,,,4,,,0,00000000,99999999
1056,J9FG18120000,,,,4,,,0,00000000,99999999
1057,J9FG18130000,,,,4,,,0,00000000,99999999
1058,J9FG18980000,,,,4,,,0,00000000,99999999
1059,J9FG18990000,,,,4,,,0,00000000,99999999
1060,J9FG19000000,,,,3,,,0,00000000,99999999
1061,J9FG19110000,,,,4,,,0,00000000,99999999
1062,J9FG19120000,,,,4,,,0,00000000,99999999
1063,J9FG19130000,,,,4,,,0,00000000,99999999
1064,J9FG19140000,,,,4,,,0,00000000,99999999
1065,J9FG19150000,,,,4,,,0,00000000,99999999
1066,J9FG19980000,,,,4,,,0,00000000,99999999
1067,J9FG19990000,,,,4,,,0,00000000,99999999
1068,J9FG21000000,,,,3,,,0,00000000,99999999
1069,J9FG21110000,,,,4,,,0,00000000,99999999
1070,J9FG21120000,,,,4,,,0,00000000,99999999
1071,J9FG21130000,,,,4,,,0,00000000,99999999
1072,J9FG21140000,,,,4,,,0,00000000,99999999
1073,J9FG21150000,,,,4,,,0,00000000,99999999
1074,J9FG21160000,,,,4,,,0,00000000,99999999
1075,J9FG21170000,,,,4,,,0,00000000,99999999
1076,J9FG21180000,,,,4,,,0,00000000,99999999
1077,J9FG21190000,,,,4,,,0,00000000,99999999
1078,J9FG21210000,,,,4,,,0,00000000,99999999
1079,J9FG21220000,,,,4,,,0,00000000,99999999
1080,J9FG21230000,,,,4,,,0,00000000,99999999
1081,J9FG21240000,,,,4,,,0,00000000,99999999
1082,J9FG21980000,,,,4,,,0,00000000,99999999
1083,J9FG21990000,,,,4,,,0,00000000,99999999
1084,J9FG22000000,,,,3,,,0,00000000,99999999
1085,J9FG22110000,,,,4,,,0,00000000,99999999
1086,J9FG22120000,,,,4,,,0,00000000,99999999
1087,J9FG22980000,,,,4,,,0,00000000,99999999
1088,J9FG22990000,,,,4,,,0,00000000,99999999
1089,J9FG23000000,,,,3,,,0,00000000,99999999
1090,J9FG24000000,,,,3,,,0,00000000,99999999
1091,J9FG25000000,,,,3,,,0,00000000,99999999
1092,J9FG25110000,,,,4,,,0,00000000,99999999
1093,J9FG25120000,,,,4,,,0,00000000,99999999
1094,J9FG25980000,,,,4,,,0,00000000,99999999
1095,J9FG25990000,,,,4,,,0,00000000,99999999
1096,J9FG26000000,,,,3,,1,0,00000000,99999999
1097,J9FH00000000,,,,2,,,0,00000000,99999999
1098,J9FH11000000,,,,3,,,0,00000000,99999999
1099,J9FH11110000,,,,4,,,0,00000000,99999999
1100,J9FH11980000,,,,4,,,0,00000000,99999999
1101,J9FH11990000,,,,4,,,0,00000000,99999999
1102,J9FH12000000,,,,3,,,0,00000000,99999999
1103,J9FH12110000,,,,4,,,0,00000000,99999999
1104,J9FH12120000,,,,4,,,0,00000000,99999999
1105,J9FH12980000,,,,4,,,0,00000000,99999999
1106,J9FH12990000,,,,4,,,0,00000000,99999999
1107,J9FH13000000,,,,3,,,0,00000000,99999999
1108,J9FH13110000,,,,4,,,0,00000000,99999999
1109,J9FH13110011,,,,6,,,0,00000000,99999999
1110,J9FH13120000,,,,4,,,0,00000000,99999999
1111,J9FH13121100,,,,5,,,0,00000000,99999999
1112,J9FH13130000,,,,4,,,0,00000000,99999999
1113,J9FH13140000,,,,4,,,0,00000000,99999999
1114,J9FH13150000,,,,4,,,0,00000000,99999999
1115,J9FH13160000,,,,4,,,0,00000000,99999999
1116,J9FH13170000,,,,4,,,0,00000000,99999999
1117,J9FH13180000,,,,4,,,0,00000000,99999999
1118,J9FH13190000,,,,4,,,0,00000000,99999999
1119,J9FH13210000,,,,4,,,0,00000000,99999999
1120,J9FH13220000,,,,4,,,0,00000000,99999999
1121,J9FH13230000,,,,4,,,0,00000000,99999999
1122,J9FH13240000,,,,4,,,0,00000000,99999999
1123,J9FH13250000,,,,4,,,0,00000000,99999999
1124,J9FH13260000,,,,4,,,0,00000000,99999999
1125,J9FH13980000,,,,4,,,0,00000000,99999999
1126,J9FH13990000,,,,4,,,0,00000000,99999999
1127,J9FH14000000,,,,3,,,0,00000000,99999999
1128,00N,,,,1,1,,0,00000000,99999999
1129,J9NJ00000000,,,,2,1,,0,00000000,99999999
1130,J9NJ11000000,,,,3,1,,0,00000000,99999999
1131,J9NJ11110000,,,,4,,,0,00000000,99999999
1132,J9NJ11110011,,,,6,,,0,00000000,99999999
1133,J9NJ11120000,,,,4,,,0,00000000,99999999
1134,J9NJ11120011,,,,6,,,0,00000000,99999999
1135,J9NJ11130000,,,,4,,,0,00000000,99999999
1136,J9NJ11130011,,,,6,,,0,00000000,99999999
1137,J9NJ11140000,,,,4,,,0,00000000,99999999
1138,J9NJ11140011,,,,6,,,0,00000000,99999999
1139,J9NJ11150000,,,,4,,,0,00000000,99999999
1140,J9NJ11150011,,,,6,,,0,00000000,99999999
1141,J9NJ11160000,,,,4,,,0,00000000,99999999
1142,J9NJ11160011,,,,6,,,0,00000000,99999999
1143,J9NJ11160012,,,,6,,,0,00000000,99999999
1144,J9NJ11160013,,,,6,,,0,00000000,99999999
1145,J9NJ11170000,,,,4,,,0,00000000,99999999
1146,J9NJ11170011,,,,6,,,0,00000000,99999999
1147,J9NJ11980000,,,,4,,,0,00000000,99999999
1148,J9NJ11990000,,,,4,,,0,00000000,99999999
1149,J9NJ12000000,,,,3,1,,0,00000000,99999999
1150,J9NJ12110000,,,,4,1,1,0,00000000,99999999
1151,J9NJ12110011,,,,6,,,0,00000000,99999999
1152,J9NJ12110012,,,,6,,1,0,00000000,99999999
1153,J9NJ12120000,,,,4,,,0,00000000,99999999
1154,J9NJ12120011,,,,6,,,0,00000000,99999999
1155,J9NJ12120012,,,,6,,1,0,00000000,99999999
1156,J9NJ12130000,,,,4,,,0,00000000,99999999
1157,J9NJ12130011,,,,6,,1,0,00000000,99999999
1158,J9NJ12140000,,,,4,,,0,00000000,99999999
1159,J9NJ12140011,,,,6,,1,0,00000000,99999999
1160,J9NJ12150000,,,,4,1,,0,00000000,99999999
1161,J9NJ12150011,,,,6,,,0,00000000,99999999
1162,J9NJ12150012,,,,6,,1,0,00000000,99999999
1163,J9NJ12160000,,,,4,,,0,00000000,99999999
1164,J9NJ12160011,,,,6,,,0,00000000,99999999
1165,J9NJ12170000,,,,4,,,0,00000000,99999999
1166,J9NJ12170011,,,,6,,,0,00000000,99999999
1167,J9NJ12180000,,,,4,,,0,00000000,99999999
1168,J9NJ12180011,,,,6,,,0,00000000,99999999
1169,J9NJ12190000,,,,4,,1,0,00000000,99999999
1170,J9NJ12190011,,,,6,,,0,00000000,99999999
1171,J9NJ12190012,,,,6,,,0,00000000,99999999
1172,J9NJ12190013,,,,6,,,0,00000000,99999999
1173,J9NJ12190014,,,,6,,,0,00000000,99999999
1174,J9NJ12210000,,,,4,,1,0,00000000,99999999
1175,J9NJ12210011,,,,6,,,0,00000000,99999999
1176,J9NJ12220000,,,,4,,,0,00000000,99999999
1177,J9NJ12220011,,,,6,,,0,00000000,99999999
1178,J9NJ12230000,,,,4,,1,0,00000000,99999999
1179,J9NJ12230011,,,,6,,,0,00000000,99999999
1180,J9NJ12230012,,,,6,,,0,00000000,99999999
1181,J9NJ12230013,,,,6,,,0,00000000,99999999
1182,J9NJ12230014,,,,6,,,0,00000000,99999999
1183,J9NJ12980000,,,,4,,,0,00000000,99999999
1184,J9NJ12990000,,,,4,,,0,00000000,99999999
1185,J9NK00000000,,,,2,1,1,0,00000000,99999999
1186,J9NK11000000,,,,3,1,1,0,00000000,99999999
1187,J9NK11110000,,,,4,,,0,00000000,99999999
1188,J9NK11120000,,,,4,,,0,00000000,99999999
1189,J9NK11130000,,,,4,,1,0,00000000,99999999
1190,J9NK11140000,,,,4,,,0,00000000,99999999
1191,J9NK11150000,,,,4,,,0,00000000,99999999
1192,J9NK11160000,,,,4,,,0,00000000,99999999
1193,J9NK11170000,,,,4,,,0,00000000,99999999
1194,J9NK11180000,,,,4,,,0,00000000,99999999
1195,J9NK11190000,,,,4,,,0,00000000,99999999
1196,J9NK11210000,,,,4,,,0,00000000,99999999
1197,J9NK11220000,,,,4,,,0,00000000,99999999
1198,J9NK11230000,,,,4,,,0,00000000,99999999
1199,J9NK11240000,,,,4,,,0,00000000,99999999
1200,J9NK11250000,,,,4,,,0,00000000,99999999
1201,J9NK11260000,,,,4,,,0,00000000,99999999
1202,J9NK11270000,,,,4,,,0,00000000,99999999
1203,J9NK11280000,,,,4,,,0,00000000,99999999
1204,J9NK11290000,,,,4,,,0,00000000,99999999
1205,J9NK11310000,,,,4,,,0,00000000,99999999
1206,J9NK11320000,,,,4,,,0,00000000,99999999
1207,J9NK11980000,,,,4,,,0,00000000,99999999
1208,J9NK11990000,,,,4,,,0,00000000,99999999
1209,J9NK12000000,,,,3,1,,0,00000000,99999999
1210,J9NK12110000,,,,4,,,0,00000000,99999999
1211,J9NK12120000,,,,4,,,0,00000000,99999999
1212,J9NK12130000,,,,4,,,0,00000000,99999999
1213,J9NK12140000,,,,4,,1,0,00000000,99999999
1214,J9NK12150000,,,,4,,,0,00000000,99999999
1215,J9NK12160000,,,,4,,,0,00000000,99999999
1216,J9NK12170000,,,,4,,,0,00000000,99999999
1217,J9NK12180000,,,,4,,1,0,00000000,99999999
1218,J9NK12190000,,,,4,,,0,00000000,99999999
1219,J9NK12210000,,,,4,,1,0,00000000,99999999
1220,J9NK12210011,,,,6,,1,0,00000000,99999999
1221,J9NK12220000,,,,4,,,0,00000000,99999999
1222,J9NK12230000,,,,4,,,0,00000000,99999999
1223,J9NK12240000,,,,4,,1,0,00000000,99999999
1224,J9NK12250000,,,,4,,,0,00000000,99999999
1225,J9NK12260000,,,,4,,,0,00000000,99999999
1226,J9NK12280000,,,,4,,,0,00000000,99999999
1227,J9NK12290000,,,,4,,1,0,00000000,99999999
1228,J9NK12310000,,,,4,,,0,00000000,99999999
1229,J9NK12320000,,,,4,,,0,00000000,99999999
1230,J9NK12330000,,,,4,1,1,0,00000000,99999999
1231,J9NK12340000,,,,4,,,0,00000000,99999999
1232,J9NK12350000,,,,4,,,0,00000000,99999999
1233,J9NK12360000,,,,4,,,0,00000000,99999999
1234,J9NK12370000,,,,4,,1,0,00000000,99999999
1235,J9NK12380000,,,,4,,1,0,00000000,99999999
1236,J9NK12390000,,,,4,,1,0,00000000,99999999
1237,J9NK12410000,,,,4,,1,0,00000000,99999999
1238,J9NK12420000,,,,4,,1,0,00000000,99999999
1239,J9NK12430000,,,,4,,1,0,00000000,99999999
1240,J9NK12440000,,,,4,,,0,00000000,99999999
1241,J9NK12450000,,,,4,,1,0,00000000,99999999
1242,J9NK12460000,,,,4,,1,0,00000000,99999999
1243,J9NK12470000,,,,4,,1,0,00000000,99999999
1244,J9NK12480000,,,,4,,1,0,00000000,99999999
1245,J9NK12490000,,,,4,,1,0,00000000,99999999
1246,J9NK12510000,,,,4,,1,0,00000000,99999999
1247,J9NK12520000,,,,4,,,0,00000000,99999999
1248,J9NK12530000,,,,4,,1,0,00000000,99999999
1249,J9NK12540000,,,,4,,1,0,00000000,99999999
1250,J9NK12550000,,,,4,,1,0,00000000,99999999
1251,J9NK12560000,,,,4,,1,0,00000000,99999999
1252,J9NK12570000,,,,4,,1,0,00000000,99999999
1253,J9NK12580000,,,,4,,1,0,00000000,99999999
1254,J9NK12590000,,,,4,,1,0,00000000,99999999
1255,J9NK12980000,,,,4,,,0,00000000,99999999
1256,J9NK12990000,,,,4,,,0,00000000,99999999
1257,J9NK13000000,,,,3,1,1,0,00000000,99999999
1258,J9NK13110000,,,,4,,,0,00000000,99999999
1259,J9NK13120000,,,,4,,,0,00000000,99999999
1260,J9NK13130000,,,,4,1,1,0,00000000,99999999
1261,J9NK13120011,,,,6,,1,0,00000000,99999999
1262,J9NK13140000,,,,4,,1,0,00000000,99999999
1263,J9NK13150000,,,,4,,1,0,00000000,99999999
1264,J9NK13160000,,,,4,,1,0,00000000,99999999
1265,J9NK13170000,,,,4,,,0,00000000,99999999
1266,J9NK13180000,,,,4,,,0,00000000,99999999
1267,J9NK13190000,,,,4,,,0,00000000,99999999
1268,J9NK13210000,,,,4,,,0,00000000,99999999
1269,J9NK13220000,,,,4,,,0,00000000,99999999
1270,J9NK13230000,,,,4,,,0,00000000,99999999
1271,J9NK13240000,,,,4,,,0,00000000,99999999
1272,J9NK13250000,,,,4,,,0,00000000,99999999
1273,J9NK13260000,,,,4,,,0,00000000,99999999
1274,J9NK13270000,,,,4,,1,0,00000000,99999999
1275,J9NK13280000,,,,4,,,0,00000000,99999999
1276,J9NK13290000,,,,4,,,0,00000000,99999999
1277,J9NK13310000,,,,4,,1,0,00000000,99999999
1278,J9NK13320000,,,,4,,1,0,00000000,99999999
1279,J9NK13330000,,,,4,,,0,00000000,99999999
1280,J9NK13340000,,,,4,,1,0,00000000,99999999
1281,J9NK13350000,,,,4,,,0,00000000,99999999
1282,J9NK13360000,,,,4,,,0,00000000,99999999
1283,J9NK13370000,,,,4,,,0,00000000,99999999
1284,J9NK13380000,,,,4,,1,0,00000000,99999999
1285,J9NK13390000,,,,4,1,1,0,00000000,99999999
1286,J9NK13410000,,,,4,,,0,00000000,99999999
1287,J9NK13420000,,,,4,,,0,00000000,99999999
1288,J9NK13430000,,,,4,,,0,00000000,99999999
1289,J9NK13440000,,,,4,,,0,00000000,99999999
1290,J9NK13450000,,,,4,,,0,00000000,99999999
1291,J9NK13460000,,,,4,,,0,00000000,99999999
1292,J9NK13470000,,,,4,,,0,00000000,99999999
1293,J9NK13480000,,,,4,,,0,00000000,99999999
1294,J9NK13490000,,,,4,,,0,00000000,99999999
1295,J9NK13510000,,,,4,,1,0,00000000,99999999
1296,J9NK13520000,,,,4,,1,0,00000000,99999999
1297,J9NK13530000,,,,4,,1,0,00000000,99999999
1298,J9NK13540000,,,,4,,1,0,00000000,99999999
1299,J9NK13980000,,,,4,,,0,00000000,99999999
1300,J9NK13990000,,,,4,,,0,00000000,99999999
1301,J9NL00000000,,,,2,1,,0,00000000,99999999
1302,J9NL11000000,,,,3,,,0,00000000,99999999
1303,J9NL11110000,,,,4,,1,0,00000000,99999999
1304,J9NL11120000,,,,4,,1,0,00000000,99999999
1305,J9NL11130000,,,,4,,1,0,00000000,99999999
1306,J9NL11140000,,,,4,1,1,0,00000000,99999999
1307,J9NL11141100,,,,5,,,0,00000000,99999999
1308,J9NL11141200,,,,5,,,0,00000000,99999999
1309,J9NL11150000,,,,4,,1,0,00000000,99999999
1310,J9NL11160000,,,,4,,,0,00000000,99999999
1311,J9NL11170000,,,,4,,1,0,00000000,99999999
1312,J9NL11180000,,,,4,,,0,00000000,99999999
1313,J9NL11190000,,,,4,,1,0,00000000,99999999
1314,J9NL11210000,,,,4,,1,0,00000000,99999999
1315,J9NL11220000,,,,4,,1,0,00000000,99999999
1316,J9NL11230000,,,,4,,1,0,00000000,99999999
1317,J9NL11980000,,,,4,,,0,00000000,99999999
1318,J9NL11990000,,,,4,,,0,00000000,99999999
1319,J9NL12000000,,,,3,,,0,00000000,99999999
1320,J9NL12110000,,,,4,,1,0,00000000,99999999
1321,J9NL12120000,,,,4,,,0,00000000,99999999
1322,J9NL12130000,,,,4,,,0,00000000,99999999
1323,J9NL12140000,,,,4,,,0,00000000,99999999
1324,J9NL12980000,,,,4,,,0,00000000,99999999
1325,J9NL12990000,,,,4,,,0,00000000,99999999
1326,J9NM00000000,,,,2,1,,0,00000000,99999999
1327,J9NM11000000,,,,3,,1,0,00000000,99999999
1328,J9NM11110000,,,,4,,1,0,00000000,99999999
1329,J9NM11120000,,,,4,,1,0,00000000,99999999
1330,J9NM11130000,,,,4,,,0,00000000,99999999
1331,J9NM11140000,,,,4,,,0,00000000,99999999
1332,J9NM11150000,,,,4,,,0,00000000,99999999
1333,J9NM11160000,,,,4,,1,0,00000000,99999999
1334,J9NM11160011,,,,6,,,0,00000000,99999999
1335,J9NM11160012,,,,6,,,0,00000000,99999999
1336,J9NM11170000,,,,4,,,0,00000000,99999999
1337,J9NM11180000,,,,4,,,0,00000000,99999999
1338,J9NM11190000,,,,4,,,0,00000000,99999999
1339,J9NM11210000,,,,4,,,0,00000000,99999999
1340,J9NM11220000,,,,4,,1,0,00000000,99999999
1341,J9NM11230000,,,,4,,,0,00000000,99999999
1342,J9NM11240000,,,,4,,,0,00000000,99999999
1343,J9NM11250000,,,,4,,,0,00000000,99999999
1344,J9NM11260000,,,,4,,,0,00000000,99999999
1345,J9NM11270000,,,,4,,,0,00000000,99999999
1346,J9NM11280000,,,,4,,,0,00000000,99999999
1347,J9NM11280011,,,,6,,,0,00000000,99999999
1348,J9NM11290000,,,,4,,,0,00000000,99999999
1349,J9NM11310000,,,,4,,,0,00000000,99999999
1350,J9NM11320000,,,,4,,,0,00000000,99999999
1351,J9NM11330000,,,,4,,,0,00000000,99999999
1352,J9NM11980000,,,,4,,,0,00000000,99999999
1353,J9NM11990000,,,,4,,,0,00000000,99999999
1354,J9NM12000000,,,,3,,1,0,00000000,99999999
1355,J9NM12110000,,,,4,,1,0,00000000,99999999
1356,J9NM12120000,,,,4,,,0,00000000,99999999
1357,J9NM12130000,,,,4,,,0,00000000,99999999
1358,J9NM12140000,,,,4,,,0,00000000,99999999
1359,J9NM12150000,,,,4,,,0,00000000,99999999
1360,J9NM12160000,,,,4,,,0,00000000,99999999
1361,J9NM12170000,,,,4,,1,0,00000000,99999999
1362,J9NM12180000,,,,4,,1,0,00000000,99999999
1363,J9NM12190000,,,,4,,,0,00000000,99999999
1364,J9NM12980000,,,,4,,,0,00000000,99999999
1365,J9NM12990000,,,,4,,,0,00000000,99999999
1366,J9NM13000000,,,,3,1,,0,00000000,99999999
1367,J9NM13110000,,,,4,1,1,0,00000000,99999999
1368,J9NM13111100,,,,5,,,0,00000000,99999999
1369,J9NM13111200,,,,5,,,0,00000000,99999999
1370,J9NM13111300,,,,5,,,0,00000000,99999999
1371,J9NM13120000,,,,4,,1,0,00000000,99999999
1372,J9NM13130000,,,,4,,1,0,00000000,99999999
1373,J9NM13140000,,,,4,,,0,00000000,99999999
1374,J9NM13150000,,,,4,,,0,00000000,99999999
1375,J9NM13160000,,,,4,,1,0,00000000,99999999
1376,J9NM13170000,,,,4,,,0,00000000,99999999
1377,J9NM13980000,,,,4,,,0,00000000,99999999
1378,J9NM13990000,,,,4,,,0,00000000,99999999
1379,J9NM14000000,,,,3,1,1,0,00000000,99999999
1380,J9NM14110000,,,,4,,1,0,00000000,99999999
1381,J9NM14120000,,,,4,,1,0,00000000,99999999
1382,J9NM14130000,,,,4,,1,0,00000000,99999999
1383,J9NM14140000,,,,4,,1,0,00000000,99999999
1384,J9NM14150000,,,,4,,1,0,00000000,99999999
1385,J9NM14160000,,,,4,,1,0,00000000,99999999
1386,J9NM14170000,,,,4,,1,0,00000000,99999999
1387,J9NM14180000,,,,4,,1,0,00000000,99999999
1388,J9NM14190000,,,,4,,1,0,00000000,99999999
1389,J9NM14210000,,,,4,,1,0,00000000,99999999
1390,J9NM14220000,,,,4,,1,0,00000000,99999999
1391,J9NM14230000,,,,4,,1,0,00000000,99999999
1392,J9NM14240000,,,,4,,1,0,00000000,99999999
1393,J9NM14250000,,,,4,,1,0,00000000,99999999
1394,J9NM14260000,,,,4,,1,0,00000000,99999999
1395,J9NM14270000,,,,4,,1,0,00000000,99999999
1396,J9NM14280000,,,,4,,1,0,00000000,99999999
1397,J9NM14290000,,,,4,,1,0,00000000,99999999
1398,J9NM14310000,,,,4,,1,0,00000000,99999999
1399,J9NM14320000,,,,4,,1,0,00000000,99999999
1400,J9NM14980000,,,,4,,,0,00000000,99999999
1401,J9NM14990000,,,,4,,,0,00000000,99999999
1402,J9NM15000000,,,,3,1,1,0,00000000,99999999
1403,J9NM15110000,,,,4,,1,0,00000000,99999999
1404,J9NM15120000,,,,4,,1,0,00000000,99999999
1405,J9NM15130000,,,,4,,1,0,00000000,99999999
1406,J9NM15140000,,,,4,,1,0,00000000,99999999
1407,J9NM15150000,,,,4,,1,0,00000000,99999999
1408,J9NM15160000,,,,4,,1,0,00000000,99999999
1409,J9NM15170000,,,,4,,1,0,00000000,99999999
1410,J9NM15180000,,,,4,,1,0,00000000,99999999
1411,J9NM15190000,,,,4,,1,0,00000000,99999999
1412,J9NM15980000,,,,4,,,0,00000000,99999999
1413,J9NM15990000,,,,4,,,0,00000000,99999999
1414,J9NM16000000,,,,3,,,0,00000000,99999999
1415,J9NM16110000,,,,4,,1,0,00000000,99999999
1416,J9NM16120000,,,,4,,1,0,00000000,99999999
1417,J9NM16130000,,,,4,,1,0,00000000,99999999
1418,J9NM16140000,,,,4,,1,0,00000000,99999999
1419,J9NM16150000,,,,4,,1,0,00000000,99999999
1420,J9NM16160000,,,,4,,1,0,00000000,99999999
1421,J9NM16170000,,,,4,,1,0,00000000,99999999
1422,J9NM16180000,,,,4,,1,0,00000000,99999999
1423,J9NM16190000,,,,4,,1,0,00000000,99999999
1424,J9NM16210000,,,,4,,1,0,00000000,99999999
1425,J9NM16220000,,,,4,,1,0,00000000,99999999
1426,J9NM16230000,,,,4,,1,0,00000000,99999999
1427,J9NM16240000,,,,4,,1,0,00000000,99999999
1428,J9NM16250000,,,,4,,1,0,00000000,99999999
1429,J9NM16260000,,,,4,,1,0,00000000,99999999
1430,J9NM16270000,,,,4,,1,0,00000000,99999999
1431,J9NM16280000,,,,4,,1,0,00000000,99999999
1432,J9NM16980000,,,,4,,,0,00000000,99999999
1433,J9NM16990000,,,,4,,,0,00000000,99999999
1434,J9NM17000000,,,,3,,,0,00000000,99999999
1435,J9NM17110000,,,,4,,1,0,00000000,99999999
1436,J9NM17110011,,,,6,,1,0,00000000,99999999
1437,J9NM17120000,,,,4,,1,0,00000000,99999999
1438,J9NM17130000,,,,4,,1,0,00000000,99999999
1439,J9NM17140000,,,,4,,1,0,00000000,99999999
1440,J9NM17150000,,,,4,,1,0,00000000,99999999
1441,J9NM17160000,,,,4,,1,0,00000000,99999999
1442,J9NM17170000,,,,4,,1,0,00000000,99999999
1443,J9NM17180000,,,,4,,1,0,00000000,99999999
1444,J9NM17190000,,,,4,,1,0,00000000,99999999
1445,J9NM17980000,,,,4,,,0,00000000,99999999
1446,J9NM17990000,,,,4,,,0,00000000,99999999
1447,J9NM18000000,,,,3,,1,0,00000000,99999999
1448,J9NM18110000,,,,4,,,0,00000000,99999999
1449,J9NM18120000,,,,4,,,0,00000000,99999999
1450,J9NM18130000,,,,4,,1,0,00000000,99999999
1451,J9NM18140000,,,,4,,1,0,00000000,99999999
1452,J9NM18150000,,,,4,,1,0,00000000,99999999
1453,J9NM18980000,,,,4,,,0,00000000,99999999
1454,J9NM18990000,,,,4,,,0,00000000,99999999
1455,J9NM19000000,,,,3,,,0,00000000,99999999
1456,J9NM19110000,,,,4,,1,0,00000000,99999999
1457,J9NM19120000,,,,4,,1,0,00000000,99999999
1458,J9NM19130000,,,,4,,1,0,00000000,99999999
1459,J9NM19140000,,,,4,,1,0,00000000,99999999
1460,J9NM19150000,,,,4,,1,0,00000000,99999999
1461,J9NM19980000,,,,4,,,0,00000000,99999999
1462,J9NM19990000,,,,4,,,0,00000000,99999999
1463,J9NM21000000,,,,3,,1,0,00000000,99999999
1464,J9NM21110000,,,,4,,1,0,00000000,99999999
1465,J9NM21110011,,,,6,,,0,00000000,99999999
1466,J9NM21110012,,,,6,,,0,00000000,99999999
1467,J9NM21120000,,,,4,,,0,00000000,99999999
1468,J9NM21130000,,,,4,,1,0,00000000,99999999
1469,J9NM21140000,,,,4,,1,0,00000000,99999999
1470,J9NM21150000,,,,4,,1,0,00000000,99999999
1471,J9NM21160000,,,,4,,1,0,00000000,99999999
1472,J9NM21170000,,,,4,,1,0,00000000,99999999
1473,J9NM21180000,,,,4,,1,0,00000000,99999999
1474,J9NM21190000,,,,4,,1,0,00000000,99999999
1475,J9NM21210000,,,,4,,1,0,00000000,99999999
1476,J9NM21220000,,,,4,,1,0,00000000,99999999
1477,J9NM21230000,,,,4,,1,0,00000000,99999999
1478,J9NM21240000,,,,4,,1,0,00000000,99999999
1479,J9NM21250000,,,,4,,1,0,00000000,99999999
1480,J9NM21260000,,,,4,,1,0,00000000,99999999
1481,J9NM21270000,,,,4,,1,0,00000000,99999999
1482,J9NM21980000,,,,4,,,0,00000000,99999999
1483,J9NM21990000,,,,4,,,0,00000000,99999999
1484,J9NM22000000,,,,3,,1,0,00000000,99999999
1485,J9NM22110000,,,,4,,1,0,00000000,99999999
1486,J9NM22120000,,,,4,,1,0,00000000,99999999
1487,J9NM22130000,,,,4,,1,0,00000000,99999999
1488,J9NM22140000,,,,4,,1,0,00000000,99999999
1489,J9NM22150000,,,,4,,1,0,00000000,99999999
1490,J9NM22160000,,,,4,,1,0,00000000,99999999
1491,J9NM22980000,,,,4,,,0,00000000,99999999
1492,J9NM22990000,,,,4,,,0,00000000,99999999
1493,J9NM23000000,,,,3,,1,0,00000000,99999999
1494,J9NM23110000,,,,4,,1,0,00000000,99999999
1495,J9NM23120000,,,,4,,1,0,00000000,99999999
1496,J9NM23130000,,,,4,,1,0,00000000,99999999
1497,J9NM23140000,,,,4,,1,0,00000000,99999999
1498,J9NM23150000,,,,4,,1,0,00000000,99999999
1499,J9NM23160000,,,,4,,1,0,00000000,99999999
1500,J9NM23170000,,,,4,,1,0,00000000,99999999
1501,J9NM23180000,,,,4,,1,0,00000000,99999999
1502,J9NM23980000,,,,4,,,0,00000000,99999999
1503,J9NM23990000,,,,4,,,0,00000000,99999999
1504,J9NM24000000,,,,3,,1,0,00000000,99999999
1505,J9NM24110000,,,,4,,,0,00000000,99999999
1506,J9NM24120000,,,,4,,,0,00000000,99999999
1507,J9NM24130000,,,,4,,1,0,00000000,99999999
1508,J9NM24140000,,,,4,,1,0,00000000,99999999
1509,J9NM24150000,,,,4,,1,0,00000000,99999999
1510,J9NM24160000,,,,4,,1,0,00000000,99999999
1511,J9NM24170000,,,,4,,1,0,00000000,99999999
1512,J9NM24180000,,,,4,,1,0,00000000,99999999
1513,J9NM24190000,,,,4,,1,0,00000000,99999999
1514,J9NM24210000,,,,4,,,0,00000000,99999999
1515,J9NM24220000,,,,4,,1,0,00000000,99999999
1516,J9NM24230000,,,,4,,1,0,00000000,99999999
1517,J9NM24240000,,,,4,,1,0,00000000,99999999
1518,J9NM24250000,,,,4,,1,0,00000000,99999999
1519,J9NM24260000,,,,4,,1,0,00000000,99999999
1520,J9NM24270000,,,,4,,1,0,00000000,99999999
1521,J9NM24280000,,,,4,,1,0,00000000,99999999
1522,J9NM24290000,,,,4,,1,0,00000000,99999999
1523,J9NM24310000,,,,4,,1,0,00000000,99999999
1524,J9NM24320000,,,,4,,1,0,00000000,99999999
1525,J9NM24330000,,,,4,,1,0,00000000,99999999
1526,J9NM24980000,,,,4,,,0,00000000,99999999
1527,J9NM24990000,,,,4,,,0,00000000,99999999
1528,J9NM25000000,,,,3,,,0,00000000,99999999
1529,J9NM25110000,,,,4,,1,0,00000000,99999999
1530,J9NM25120000,,,,4,,1,0,00000000,99999999
1531,J9NM25130000,,,,4,,1,0,00000000,99999999
1532,J9NM25140000,,,,4,,1,0,00000000,99999999
1533,J9NM25980000,,,,4,,,0,00000000,99999999
1534,J9NM25990000,,,,4,,,0,00000000,99999999
1535,J9NN00000000,,,,2,1,,0,00000000,99999999
1536,J9NN11000000,,,,3,1,1,0,00000000,99999999
1537,J9NN11110000,,,,4,,1,0,00000000,99999999
1538,J9NN11111100,,,,5,,1,0,00000000,99999999
1539,J9NN11120000,,,,4,,1,0,00000000,99999999
1540,J9NN11130000,,,,4,,1,0,00000000,99999999
1541,J9NN11140000,,,,4,,,0,00000000,99999999
1542,J9NN11150000,,,,4,,1,0,00000000,99999999
1543,J9NN11151100,,,,5,,1,0,00000000,99999999
1544,J9NN11160000,,,,4,,1,0,00000000,99999999
1545,J9NN11161100,,,,5,,1,0,00000000,99999999
1546,J9NN11170000,,,,4,,1,0,00000000,99999999
1547,J9NN11171100,,,,5,,1,0,00000000,99999999
1548,J9NN11180000,,,,4,,1,0,00000000,99999999
1549,J9NN11181100,,,,5,,1,0,00000000,99999999
1550,J9NN11190000,,,,4,,1,0,00000000,99999999
1551,J9NN11210000,,,,4,,1,0,00000000,99999999
1552,J9NN11220000,,,,4,,1,0,00000000,99999999
1553,J9NN11230000,,,,4,,1,0,00000000,99999999
1554,J9NN11240000,,,,4,,1,0,00000000,99999999
1555,J9NN11250000,,,,4,,1,0,00000000,99999999
1556,J9NN11260000,,,,4,,1,0,00000000,99999999
1557,J9NN11270000,,,,4,,1,0,00000000,99999999
1558,J9NN11271100,,,,5,,1,0,00000000,99999999
1559,J9NN11271200,,,,5,,1,0,00000000,99999999
1560,J9NN11280000,,,,4,,1,0,00000000,99999999
1561,J9NN11290000,,,,4,,1,0,00000000,99999999
1562,J9NN11310000,,,,4,,1,0,00000000,99999999
1563,J9NN11330000,,,,4,,1,0,00000000,99999999
1564,J9NN11980000,,,,4,,,0,00000000,99999999
1565,J9NN11990000,,,,4,,,0,00000000,99999999
1566,J9NP00000000,,,,2,,,0,00000000,99999999
1567,J9NP11000000,,,,3,,1,0,00000000,99999999
1568,J9NP11110000,,,,4,,,0,00000000,99999999
1569,J9NP11120000,,,,4,,1,0,00000000,99999999
1570,J9NP11130000,,,,4,,1,0,00000000,99999999
1571,J9NP11140000,,,,4,,,0,00000000,99999999
1572,J9NP11150000,,,,4,,1,0,00000000,99999999
1573,J9NP11160000,,,,4,,1,0,00000000,99999999
1574,J9NP11170000,,,,4,,1,0,00000000,99999999
1575,J9NP11180000,,,,4,,1,0,00000000,99999999
1576,J9NP11190000,,,,4,,1,0,00000000,99999999
1577,J9NP11210000,,,,4,,1,0,00000000,99999999
1578,J9NP11220000,,,,4,,1,0,00000000,99999999
1579,J9NP11230000,,,,4,,1,0,00000000,99999999
1580,J9NP11980000,,,,4,,,0,00000000,99999999
1581,J9NP11990000,,,,4,,,0,00000000,99999999
1582,J9NP12000000,,,,3,,,0,00000000,99999999
1583,J9NP12120000,,,,4,,1,0,00000000,99999999
1584,J9NP12130000,,,,4,,1,0,00000000,99999999
1585,J9NP12140000,,,,4,,1,0,00000000,99999999
1586,J9NP12150000,,,,4,,1,0,00000000,99999999
1587,J9NP12160000,,,,4,,1,0,00000000,99999999
1588,J9NP12170000,,,,4,,1,0,00000000,99999999
1589,J9NP12180000,,,,4,,1,0,00000000,99999999
1590,J9NP12190000,,,,4,,1,0,00000000,99999999
1591,J9NP12210000,,,,4,,1,0,00000000,99999999
1592,J9NP12220000,,,,4,,1,0,00000000,99999999
1593,J9NP12230000,,,,4,,1,0,00000000,99999999
1594,J9NP12240000,,,,4,,1,0,00000000,99999999
1595,J9NP12250000,,,,4,,1,0,00000000,99999999
1596,J9NP12260000,,,,4,,1,0,00000000,99999999
1597,J9NP12270000,,,,4,,1,0,00000000,99999999
1598,J9NP12280000,,,,4,,1,0,00000000,99999999
1599,J9NP12290000,,,,4,,1,0,00000000,99999999
1600,J9NP12310000,,,,4,,1,0,00000000,99999999
1601,J9NP12320000,,,,4,,1,0,00000000,99999999
1602,J9NP12330000,,,,4,,1,0,00000000,99999999
1603,J9NP12340000,,,,4,,1,0,00000000,99999999
1604,J9NP12350000,,,,4,,1,0,00000000,99999999
1605,J9NP12360000,,,,4,,1,0,00000000,99999999
1606,J9NP12370000,,,,4,,1,0,00000000,99999999
1607,J9NP12380000,,,,4,,1,0,00000000,99999999
1608,J9NP12390000,,,,4,,1,0,00000000,99999999
1609,J9NP12410000,,,,4,,1,0,00000000,99999999
1610,J9NP12420000,,,,4,,1,0,00000000,99999999
1611,J9NP12430000,,,,4,,1,0,00000000,99999999
1612,J9NP12980000,,,,4,,,0,00000000,99999999
1613,J9NP12990000,,,,4,,,0,00000000,99999999
1614,J9NP13000000,,,,3,,,0,00000000,99999999
1615,J9NP13110000,,,,4,,1,0,00000000,99999999
1616,J9NP13120000,,,,4,,1,0,00000000,99999999
1617,J9NP13130000,,,,4,,1,0,00000000,99999999
1618,J9NP13140000,,,,4,,1,0,00000000,99999999
1619,J9NP13150000,,,,4,,1,0,00000000,99999999
1620,J9NP13160000,,,,4,,1,0,00000000,99999999
1621,J9NP13170000,,,,4,,1,0,00000000,99999999
1622,J9NP13980000,,,,4,,,0,00000000,99999999
1623,J9NP13990000,,,,4,,,0,00000000,99999999
1624,J9NP14000000,,,,3,1,,0,00000000,99999999
1625,J9NP14110000,,,,4,,1,0,00000000,99999999
1626,J9NP14120000,,,,4,,,0,00000000,99999999
1627,J9NP14121100,,,,5,,1,0,00000000,99999999
1628,J9NP14121200,,,,5,,1,0,00000000,99999999
1629,J9NP14121300,,,,5,,1,0,00000000,99999999
1630,J9NP14121400,,,,5,,1,0,00000000,99999999
1631,J9NP14130000,,,,4,,1,0,00000000,99999999
1632,J9NP14140000,,,,4,,1,0,00000000,99999999
1633,J9NP14150000,,,,4,,1,0,00000000,99999999
1634,J9NP14160000,,,,4,,1,0,00000000,99999999
1635,J9NP14170000,,,,4,,1,0,00000000,99999999
1636,J9NP14180000,,,,4,,1,0,00000000,99999999
1637,J9NP14190000,,,,4,,1,0,00000000,99999999
1638,J9NP14210000,,,,4,,1,0,00000000,99999999
1639,J9NP14220000,,,,4,,1,0,00000000,99999999
1640,J9NP14980000,,,,4,,,0,00000000,99999999
1641,J9NP14990000,,,,4,,,0,00000000,99999999
1642,J9NP15000000,,,,3,1,1,0,00000000,99999999
1643,J9NP15110000,,,,4,,1,0,00000000,99999999
1644,J9NP15120000,,,,4,,1,0,00000000,99999999
1645,J9NP15130000,,,,4,,1,0,00000000,99999999
1646,J9NP15140000,,,,4,,1,0,00000000,99999999
1647,J9NP15150000,,,,4,,1,0,00000000,99999999
1648,J9NP15160000,,,,4,,1,0,00000000,99999999
1649,J9NP15170000,,,,4,,1,0,00000000,99999999
1650,J9NP15180000,,,,4,,1,0,00000000,99999999
1651,J9NP15190000,,,,4,,1,0,00000000,99999999
1652,J9NP15210000,,,,4,,1,0,00000000,99999999
1653,J9NP15220000,,,,4,,1,0,00000000,99999999
1654,J9NP15230000,,,,4,,1,0,00000000,99999999
1655,J9NP15240000,,,,4,,1,0,00000000,99999999
1656,J9NP15250000,,,,4,,1,0,00000000,99999999
1657,J9NP15260000,,,,4,,1,0,00000000,99999999
1658,J9NP15270000,,,,4,,1,0,00000000,99999999
1659,J9NP15280000,,,,4,,1,0,00000000,99999999
1660,J9NP15290000,,,,4,,1,0,00000000,99999999
1661,J9NP15310000,,,,4,,1,0,00000000,99999999
1662,J9NP15320000,,,,4,,1,0,00000000,99999999
1663,J9NP15330000,,,,4,,1,0,00000000,99999999
1664,J9NP15340000,,,,4,,1,0,00000000,99999999
1665,J9NP15350000,,,,4,,1,0,00000000,99999999
1666,J9NP15360000,,,,4,,1,0,00000000,99999999
1667,J9NP15370000,,,,4,,1,0,00000000,99999999
1668,J9NP15380000,,,,4,,1,0,00000000,99999999
1669,J9NP15980000,,,,4,,,0,00000000,99999999
1670,J9NP15990000,,,,4,,,0,00000000,99999999
1671,J9NP16000000,,,,3,,,0,00000000,99999999
1672,J9NP16110000,,,,4,,1,0,00000000,99999999
1673,J9NP16120000,,,,4,,1,0,00000000,99999999
1674,J9NP16130000,,,,4,,1,0,00000000,99999999
1675,J9NP16140000,,,,4,,1,0,00000000,99999999
1676,J9NP16150000,,,,4,,1,0,00000000,99999999
1677,J9NP16160000,,,,4,,1,0,00000000,99999999
1678,J9NP16170000,,,,4,,1,0,00000000,99999999
1679,J9NP16180000,,,,4,,1,0,00000000,99999999
1680,J9NP16190000,,,,4,,1,0,00000000,99999999
1681,J9NP16210000,,,,4,,1,0,00000000,99999999
1682,J9NP16220000,,,,4,,1,0,00000000,99999999
1683,J9NP16230000,,,,4,,1,0,00000000,99999999
1684,J9NP16980000,,,,4,,,0,00000000,99999999
1685,J9NP16990000,,,,4,,,0,00000000,99999999
1686,J9NP17000000,,,,3,1,1,0,00000000,99999999
1687,J9NQ00000000,,,,2,,,0,00000000,99999999
1688,J9NQ11000000,,,,3,,1,0,00000000,99999999
1689,J9NQ11110000,,,,4,,,0,00000000,99999999
1690,J9NQ11120000,,,,4,,,0,00000000,99999999
1691,J9NQ11130000,,,,4,,,0,00000000,99999999
1692,J9NQ11980000,,,,4,,,0,00000000,99999999
1693,J9NQ11990000,,,,4,,,0,00000000,99999999
1694,J9NQ12000000,,,,3,,,0,00000000,99999999
1695,J9NQ12110000,,,,4,,,0,00000000,99999999
1696,J9NQ12120000,,,,4,,,0,00000000,99999999
1697,J9NQ12130000,,,,4,,,0,00000000,99999999
1698,J9NQ12980000,,,,4,,,0,00000000,99999999
1699,J9NQ12990000,,,,4,,,0,00000000,99999999
1700,J9NQ13000000,,,,3,,,0,00000000,99999999
1701,J9NQ13110000,,,,4,,1,0,00000000,99999999
1702,J9NQ13120000,,,,4,,1,0,00000000,99999999
1703,J9NQ13130000,,,,4,,1,0,00000000,99999999
1704,J9NQ13140000,,,,4,,1,0,00000000,99999999
1705,J9NQ13150000,,,,4,,1,0,00000000,99999999
1706,J9NQ13160000,,,,4,,1,0,00000000,99999999
1707,J9NQ13980000,,,,4,,,0,00000000,99999999
1708,J9NQ13990000,,,,4,,,0,00000000,99999999
1709,J9NR00000000,,,,2,,,0,00000000,99999999
1710,J9NR11000000,,,,3,,,0,00000000,99999999
1711,J9NR11110000,,,,4,,,0,00000000,99999999
1712,J9NR11120000,,,,4,,,0,00000000,99999999
1713,J9NR11130000,,,,4,,1,0,00000000,99999999
1714,J9NR11980000,,,,4,,,0,00000000,99999999
1715,J9NR11990000,,,,4,,,0,00000000,99999999
1716,J9NS00000000,,,,2,,,0,00000000,99999999
1717,J9NS11000000,,,,3,,,0,00000000,99999999
1718,J9NT00000000,,,,2,1,,0,00000000,99999999
1719,J9NT11000000,,,,3,,1,0,00000000,99999999
1720,J9NT11110000,,,,4,,,0,00000000,99999999
1721,J9NT11111100,,,,5,,,0,00000000,99999999
1722,J9NT11120000,,,,4,,,0,00000000,99999999
1723,J9NT11130000,,,,4,,,0,00000000,99999999
1724,J9NT11131100,,,,5,,,0,00000000,99999999
1725,J9NT11140000,,,,4,,1,0,00000000,99999999
1726,J9NT11980000,,,,4,,,0,00000000,99999999
1727,J9NT11990000,,,,4,,,0,00000000,99999999
1728,J9NU00000000,,,,2,,,0,00000000,99999999
1729,J9NU11000000,,,,3,,,0,00000000,99999999
1730,J9NU11110000,,,,4,,1,0,00000000,99999999
1731,J9NU11120000,,,,4,,1,0,00000000,99999999
1732,J9NU11130000,,,,4,,1,0,00000000,99999999
1733,J9NU11140000,,,,4,,1,0,00000000,99999999
1734,J9NU11980000,,,,4,,,0,00000000,99999999
1735,J9NU11990000,,,,4,,,0,00000000,99999999